English Word,Hebrew Translation,Difficulty Level,Source,Example Sentence
(all) on your own,לגמרי לבד,8,lexisband3,You have to do this project all on your own.
(at) any minute; any minute now,בכל רגע,8,lexisband3,The bus should arrive any minute now.
"(be) in your twenties/20s/thirties/30s, etc",להיות בשנות העשרים/השלושים,8,lexisband3,She is in her twenties and still studying.
(every) once in a while,מדי פעם,8,lexisband3,We go to the cinema once in a while.
(just) in case,למקרה ש,7,band33july18,
-th,-י (סיומת של מספרים),7,band22,Today is my 12th birthday.
a bit,קצת,4,scrap,I'm a bit tired after the game.
a broken heart,לב שבור,9,lexisband3,Time heals a broken heart.
a couple of,כמה / שניים,5,band22,I need a couple of minutes to finish.
a degree of,מידה מסוימת של,7,band33july18,You need a degree of confidence to succeed.
a good deal,הרבה / כמות רבה,6,band22,He knows a good deal about computers.
a great deal,הרבה מאוד,6,band22,She talks a great deal.
a handful of,"קומץ, מעטים",9,"lexisband3,band33july18",Only a handful of students showed up.
a little,קצת / מעט,4,band22,Add a little sugar to the tea.
a little sth,קצת משהו,8,lexisband3,Add a little sugar to the tea.
a mass of sth,"המון, ערימה של",9,lexisband3,There's a mass of work to do.
a number of,מספר / כמה,7,band22,A number of students were absent today.
"a sharp rise/increase/drop, etc.",עלייה/ירידה חדה,9,lexisband3,There was a sharp rise in prices.
a.m,"לפנה""צ",6,band33july18,
abandon,"לנטוש, לזנוח",9,lexisband3,They had to abandon the project.
ability,יכולת,6,band22,She has the ability to learn quickly.
able,מסוגל,6,band22,I was able to finish my homework on time.
about,אודות / בערך,6,band22,The book is about animals.
about to do sth,עומד לעשות משהו,7,band33july18,I was about to call you when you rang.
above,מעל,6,band22,The bird flew above the trees.
abroad,חוץ לארץ,6,band22,My uncle lives abroad in Canada.
absence,היעדרות,8,band33july18,
absent,נעדר,4,band22,Three students are absent today.
absolute,מוחלט,8,band33july18,
absolutely,בהחלט / לחלוטין,5,band22,You're absolutely right!
absorb,"לספוג, לקלוט",8,lexisband3,Plants absorb water through their roots.
abstract,מופשט,9,band33july18,
abuse,התעללות / לנצל לרעה,7,band33july18,
accept,לקבל,6,band22,I accept your apology.
acceptable,מקובל,9,band33july18,
acceptance,קבלה,9,band33july18,
access,"גישה, כניסה",8,"lexisband3,band33july18",Students have access to the library 24/7.
accident,תאונה,6,band22,He had an accident on his bike.
accompany,ללוות,8,band33july18,
according to,לפי,6,band22,"We use ""according to"" in English."
accordingly,בהתאם,9,band33july18,
account,חשבון,6,band22,Open a bank account.
accuracy,דיוק,8,band33july18,
accurate,מדויק,8,band33july18,
accurately,במדויק,9,band33july18,
achieve,להשיג,8,band33july18,n
achievement,הישג,9,band33july18,n
acknowledge,להכיר / לאשר,9,band33july18,
acknowledged,מוכר / מאושר,9,band33july18,
acknowledgment,הכרה,9,band33july18,
acquire,"לרכוש, להשיג",8,"lexisband3,band33july18",She acquired new skills in the course.
acquisition,רכישה,9,band33july18,n
act,לפעול,6,"band22,band33july18",You must act quickly.
active,פעיל,6,band22,My grandfather is very active for his age.
activity,פעילות,6,band22,Soccer is a popular activity.
actor,שחקן,7,band33july18,
actual,בפועל / ממשי,7,band33july18,The actual facts
actually,למעשה,6,band22,"We use ""actually"" in English."
adapt,להסתגל,7,band33july18,
adaptation,הסתגלות,9,band33july18,
adapted,מותאם,8,band33july18,
add,להוסיף,6,band22,Add two cups of flour to the bowl.
addition,תוספת,8,lexisband3,"In addition to English, she speaks French."
additional,נוסף,9,band33july18,
additionally,בנוסף,9,band33july18,
address,כתובת,6,"band22,band33july18",We need to address the problem.
adequate,הולם / מספיק,8,band33july18,
adequately,באופן הולם,9,band33july18,
adjust,להתאים / לכוונן,7,band33july18,n
adjustment,התאמה,9,band33july18,n
administration,ניהול / מינהל,9,band33july18,
admit,להודות,5,band22,I admit I made a mistake.
adopt,לאמץ,7,band33july18,n
adoption,אימוץ,8,band33july18,n
adult,מבוגר,6,band22,An adult is a person over 18 years old.
advance,התקדמות,8,"lexisband3,band33july18",There has been great advance in technology.
advanced,מתקדם,8,"lexisband3,band33july18",This is an advanced level course.
advantage,יתרון,6,band22,What's the advantage of this plan?
adventure,הרפתקה,6,band22,Life is an adventure.
advertise,לפרסם,5,band22,They advertise on TV.
advertisement,פרסומת,6,band22,"We use ""advertisement"" in English."
advertising,"פרסום, פרסומת",8,lexisband3,Advertising plays a major role in business.
advice,עצה,6,band22,Can you give me some advice?
advise,לייעץ,5,band22,I advise you to study hard.
adviser/advisor,יועץ,9,lexisband3,She works as a financial adviser.
advocate,תומך / לתמוך,8,band33july18,
affair,"עניין, מצב",9,"lexisband3,band33july18",This is a serious affair.
affect,להשפיע,7,band33july18,
affection,"חיבה, אהבה",9,lexisband3,She has great affection for her grandmother.
afford,להרשות לעצמו,6,"band22,band33july18",We can't afford a new car.
affordable,במחיר סביר,9,band33july18,
afraid,מפחד,6,band22,Are you afraid of the dark?
after,אחרי,3,band22,Let's play after school.
after all,אחרי הכל / בכל זאת,5,band22,He decided to come after all.
afternoon,אחר הצהריים,2,band22,See you this afternoon.
afterwards,אחר כך,9,band33july18,
against,נגד,6,band22,I'm against this idea.
against the law,נגד החוק,9,lexisband3,Stealing is against the law.
age,גיל,6,band22,What age are you?
agency,סוכנות,7,band33july18,n
agenda,סדר יום,9,lexisband3,What's on the agenda for today?
agent,סוכן / גורם,7,band33july18,n
aggression,תוקפנות,9,band33july18,
aggressive,"תוקפני, אגרסיבי",8,lexisband3,His aggressive behavior caused problems.
aggressive behavior,"תוקפני, אגרסיבי",7,band33july18,
ago,לפני (זמן),6,band22,I saw that movie two weeks ago.
agree,להסכים,6,band22,I agree with you.
agreement,הסכם,8,band33july18,
agricultural,חקלאי,9,band33july18,adj
agriculture,חקלאות,8,"lexisband3,band33july18",Agriculture is important for the economy.
ahead of,לפני / מול,5,band22,She walked ahead of me.
aid,עזרה / לעזור,6,band33july18,
aim,מטרה,6,band22,Aim for the target.
aimed at,מכוון ל,7,band33july18,These activities are aimed at senior citizens.
air,אוויר,6,band22,The air is fresh in the morning.
air force,חיל האוויר,8,lexisband3,He served in the air force.
airport,שדה תעופה,6,"band22,band33july18",The airport is very busy today.
alarm,אזעקה,6,band22,Set the alarm for 6 AM.
alike,דומה,6,band22,The twins look alike.
alive,חי,6,band22,The plant is still alive.
all,הכל,6,band22,All students must attend.
all in all,בסך הכל,9,"lexisband3,band33july18","All in all, it was a good day."
all is well,הכל בסדר,8,lexisband3,"Don't worry, all is well."
all of a sudden,"פתאום, לפתע",8,lexisband3,"All of a sudden, it started raining."
all over again,שוב מההתחלה,9,lexisband3,I have to do it all over again.
all over the place,בכל מקום,8,lexisband3,His toys are all over the place.
all sorts of,כל מיני,6,scrap,The shop sells all sorts of toys.
all sorts of sth,כל מיני,7,band33july18,
all the time,כל הזמן / תמיד,6,band22,She talks all the time.
all the way,כל הדרך,7,band33july18,
allow,להרשות,6,"band22,band33july18",My parents allow me to stay up late on weekends.
almost,כמעט,6,band22,We're almost there.
alone,לבד,6,band22,I don't like being alone.
along,לאורך,6,band22,We walked along the beach.
along with,יחד עם / לצד,5,band22,She came along with her sister.
alphabet,אלפבית,4,band22,"We use ""alphabet"" in English."
already,כבר,6,band22,I already finished my homework.
also,גם,6,band22,"We use ""also"" in English."
alter,לשנות,7,band33july18,n
alteration,שינוי,9,band33july18,n
alternative,אלטרנטיבה / חלופה,6,band22,"We use ""alternative"" in English."
although,למרות ש,6,band22,I went out although it was raining.
altogether,לגמרי / בסך הכל,6,band22,There were ten people altogether.
always,תמיד,3,band22,I always brush my teeth before bed.
amazing,מדהים,6,band22,That was an amazing performance!
ambassador,שגריר,8,lexisband3,The ambassador met with the president.
ambition,"שאפתנות, שאיפה",8,lexisband3,Her ambition is to become a doctor.
ambulance,אמבולנס,6,band22,"We use ""ambulance"" in English."
among,בקרב / בין,6,band22,She is popular among her friends.
among other things,בין היתר,8,"lexisband3,band33july18","We discussed, among other things, the budget."
amongst,בקרב,8,band33july18,
amount,כמות,6,band22,"We use ""amount"" in English."
amuse,"לשעשע, לבדר",9,lexisband3,The clown amused the children.
an awful lot (of sth),"המון, כמות עצומה",9,lexisband3,She has an awful lot of work.
analogy,אנלוגיה / דמיון,8,band33july18,
analysis,"ניתוח, אנליזה",8,"lexisband3,band33july18",The analysis showed interesting results.
analyze,לנתח,8,band33july18,n
ancestor,"אב קדמון, אבות",9,lexisband3,Her ancestors came from Poland.
ancient,עתיק,8,band33july18,
and so on,וכן הלאה / וכדומה,7,band22,"Bring pens, pencils, erasers, and so on."
angry,כועס,6,band22,Why are you angry?
animal,חיה,2,band22,My favorite animal is a dolphin.
announce,להכריז,6,"band22,band33july18",The teacher will announce the winner.
announcement,הודעה / הכרזה,5,"band22,band33july18",The principal made an announcement.
annoy,"להרגיז, להציק",8,lexisband3,The noise really annoys me.
annual,שנתי,7,band33july18,
another,אחר / נוסף,6,band22,Would you like another cookie?
answer,תשובה,2,band22,I don't know the answer.
anxiety,חרדה,8,band33july18,n
anxious,"מודאג, חרד",8,"lexisband3,band33july18",She felt anxious before the exam.
any,כלשהו,6,band22,Do you have any questions?
"any day/minute/time, etc now",בכל רגע,9,lexisband3,They'll arrive any minute now.
any place,בכל מקום,4,band22,You can sit at any place.
any time,בכל זמן,4,band22,"We use ""any time"" in English."
anybody,מישהו / כל אחד,8,band33july18,
anymore,כבר לא,6,"band22,band33july18","We use ""anymore"" in English."
anyone,כל אחד,6,band22,"We use ""anyone"" in English."
anything,כל דבר,6,band22,"We use ""anything"" in English."
anyway,בכל מקרה,6,"band22,band33july18","We use ""anyway"" in English."
anywhere,בכל מקום,6,band22,I can't find it anywhere.
apart,בנפרד,6,band22,"We use ""apart"" in English."
apart from,מלבד / חוץ מ,6,band22,Everyone came apart from Tom.
apartment,דירה,6,band22,They live in a small apartment.
apologize,להתנצל,6,band22,You should apologize for being rude.
apparent,"ברור, נראה לעין",8,"lexisband3,band33july18",It was apparent that he was lying.
apparently,כנראה,9,band33july18,adv
appeal,"לערער, ערעור",9,lexisband3,They appealed to the court.
appear,להופיע,6,band22,"Suddenly, a rabbit appeared."
appearance,מראה / הופעה,6,band22,Don't judge people by their appearance.
apple,תפוח,1,band22,An apple a day keeps the doctor away.
application,יישום / בקשה,9,band33july18,
apply to,להגיש בקשה / לחול על,6,band22,This rule applies to everyone.
appreciate,להעריך,9,band33july18,n
appreciation,הערכה,9,band33july18,n
approach,"גישה, דרך",8,"lexisband3,band33july18",We need a different approach to this problem.
appropriate,"מתאים, הולם",8,"lexisband3,band33july18",Please wear appropriate clothing.
approval,אישור,8,band33july18,n
approve,לאשר,8,band33july18,n
approximately,בקירוב,9,band33july18,
Arab,ערבי,4,band22,"We use ""Arab"" in English."
area,אזור,7,band22,"We use ""area"" in English."
argue,להתווכח,7,band22,Don't argue with your sister.
argument,ויכוח / טיעון,5,band22,They had an argument.
arms,נשק,9,lexisband3,The soldiers laid down their arms.
army,צבא,7,band22,"We use ""army"" in English."
around,מסביב,7,band22,Look around you.
around/round the clock,מסביב לשעון,9,lexisband3,The store is open around the clock.
arrange,לסדר,7,band22,Let's arrange the chairs in a circle.
arrangement,הסדר / סידור,6,band22,We made arrangements for the party.
arrive,להגיע,7,band22,"We use ""arrive"" in English."
arrive at,להגיע ל,4,band22,What time will you arrive at the station?
arrow,חץ (בקשתות),9,lexisband3,He shot an arrow at the target.
art,אומנות,7,band22,Art class is fun.
article,מאמר,7,band22,I read an article about space.
artificial,מלאכותי,9,lexisband3,These are artificial flowers.
artificial intelligence,בינה מלאכותית,9,lexisband3,AI is changing our world.
artist,אומן,7,band22,"We use ""artist"" in English."
artistic,אומנותי,8,lexisband3,She has great artistic talent.
as,כמו / כש,7,band22,He works as a teacher.
as a matter of fact,"למעשה, לאמיתו של דבר",8,"lexisband3,band33july18","As a matter of fact, I agree with you."
as a result of,כתוצאה מ,8,band22,"As a result of the rain, the game was canceled."
as a result of sth,כתוצאה מ-,9,lexisband3,"As a result of the rain, the game was cancelled."
as a whole,"כמכלול, בסך הכל",9,"lexisband3,band33july18",The team as a whole performed well.
as far as,עד כמה ש / באשר ל,7,band22,"As far as I know, he left."
as far as I know,למיטב ידיעתי,9,lexisband3,"As far as I know, he's still working there."
as far as sb/sth is concerned,בכל מה שנוגע ל-,9,lexisband3,"As far as I'm concerned, you can go."
as follows,כדלקמן,9,"lexisband3,band33july18",The instructions are as follows.
as for,"בזמן ש-, כאשר",7,band33july18,
as if,כאילו,5,band22,He acts as if he knows everything.
as long as,כל עוד / בתנאי ש,7,band22,You can stay as long as you want.
as regards sth,בנוגע ל-,9,lexisband3,"As regards your question, I'll answer later."
as soon as,ברגע ש / מיד כש,5,band22,Call me as soon as you arrive.
as though,כאילו,9,"lexisband3,band33july18",He acts as though nothing happened.
as usual,כרגיל / כהרגלו,7,band22,"As usual, he was late."
as...as,...כמו,4,band22,She is as tall as her brother.
ashamed,מתבייש,8,lexisband3,He felt ashamed of his behavior.
Asian,אסיאתי,7,band33july18,
aside,"בצד, חוץ מ-",9,lexisband3,"Money aside, I really enjoy my job."
ask,לשאול,2,band22,May I ask you a question?
asleep,ישן (תואר),7,band22,The baby is asleep.
aspect,היבט,7,band33july18,
aspiration,שאיפה,9,band33july18,n
aspire,לשאוף,7,band33july18,n
assessment,הערכה,7,band22,The teacher gave us an assessment.
assignment,"מטלה, משימה",9,"lexisband3,band33july18",Finish your assignment by Friday.
assist,לסייע,7,band33july18,n
assistance,סיוע,9,band33july18,n
assistant,עוזר,7,band22,"We use ""assistant"" in English."
associate,"לשייך, לקשר",9,"lexisband3,band33july18",I don't associate him with that group.
association,אגודה / קשר,9,band33july18,n
assume,להניח,7,"band22,band33july18","We use ""assume"" in English."
assumption,"הנחה, הנחת יסוד",9,"lexisband3,band33july18",Your assumption is correct.
assure,"להבטיח, להרגיע",8,lexisband3,I assure you that everything will be fine.
astonishment,"תדהמה, השתוממות",9,lexisband3,She looked at him in astonishment.
at,ב (מקום/זמן),7,band22,I'll meet you at the school.
at a time,בפעם אחת,8,band33july18,two at a time
at fault,אשם,8,lexisband3,The driver was at fault for the accident.
at first,בהתחלה / תחילה,5,band22,"At first, I didn't like the book."
at first sight,במבט ראשון,9,"lexisband3,band33july18","At first sight, it seems easy."
"at his/its, etc. best",במיטבו,8,lexisband3,The team was at its best today.
at last,סוף סוף / לבסוף,6,band22,"At last, we arrived home."
at least,לפחות,8,lexisband3,You should study at least two hours a day.
at once,מיד / בבת אחת,7,band22,Come here at once!
at present,כרגע / בהווה,7,band22,"At present, I am studying English."
at risk,בסיכון,9,"lexisband3,band33july18",The building is at risk of collapse.
at the expense of,על חשבון,8,band33july18,
at the same time,באותו זמן / בו זמנית,7,band22,They arrived at the same time.
at times,לעיתים,8,band33july18,
at work,בעבודה / פועל,7,band22,Dad is at work right now.
at your convenience,"בנוחותך, בזמנך",9,lexisband3,Call me at your convenience.
atmosphere,"אווירה, אטמוספרה",8,lexisband3,There was a friendly atmosphere at the party.
attach,לצרף,7,band33july18,v
attached to sb or sth,מחובר ל,7,band33july18,
attachment,קובץ מצורף,9,"lexisband3,band33july18",Please see the attachment.
attack,לתקוף,7,"band22,band33july18",The dog might attack if scared.
attempt,ניסיון / לנסות,8,band33july18,
attend,להשתתף,7,band33july18,n
attendance,נוכחות,9,band33july18,n
attention,תשומת לב,7,band22,Pay attention in class.
attitude,גישה / יחס,8,band33july18,
attract,למשוך,8,band33july18,n
attract/get (sb's) attention,למשוך תשומת לב,9,lexisband3,The bright colors attract attention.
attraction,"אטרקציה, משיכה",8,"lexisband3,band33july18",The museum is a major attraction.
attractive,מושך,7,"band22,band33july18","We use ""attractive"" in English."
audience,קהל,7,"band22,band33july18","We use ""audience"" in English."
augmented reality,מציאות מדומה,9,lexisband3,AR games are very popular.
august,אוגוסט,7,band22,"We use ""august"" in English."
aunt,דודה,7,band22,"We use ""aunt"" in English."
authentic,אותנטי / אמיתי,8,band33july18,
author,מחבר / סופר,7,"band22,band33july18","We use ""author"" in English."
authority,סמכות,8,band33july18,A boss has authority over the workers. She is an authority on sociology.
automatically,"אוטומטית, מאליו",8,lexisband3,The door closes automatically.
autonomous,אוטונומי,9,band33july18,adj
autonomy,"אוטונומיה, עצמאות",9,"lexisband3,band33july18",The region has some autonomy.
autumn,סתיו,7,band22,The leaves fall in autumn.
availability,זמינות,9,lexisband3,Check the availability of the product.
available,זמין,7,band22,Is this seat available?
average,ממוצע,7,"band22,band33july18","We use ""average"" in English."
avoid,להימנע,7,"band22,band33july18",Try to avoid making noise.
avoid doing sth,להימנע מלעשות משהו,9,lexisband3,Try to avoid making mistakes.
awake,ער,7,band22,Are you awake?
award,פרס,7,"band22,band33july18",She won an award for her painting.
aware,מודע,7,band22,Are you aware of the problem?
awareness,מודעות,8,lexisband3,We need to raise awareness about this issue.
away,הרחק,7,band22,He lives far away from here.
awful,נורא,7,band22,What awful weather!
awkward,"מביך, לא נוח",9,lexisband3,There was an awkward silence.
baby,תינוק,2,band22,The baby is sleeping.
back,גב / אחורה,7,"band22,band33july18",My back hurts.
back up,לגבות / לתמוך,7,band33july18,He backed up his friend. Make sure you back up your work on the computer.
back up sb/sth / back sb/sth up,לגבות / לתמוך במישהו/משהו,7,band33july18,
background,רקע,7,"band22,band33july18","We use ""background"" in English."
backup,גיבוי,9,lexisband3,Always make a backup of your files.
bad,רע,3,band22,That's a bad idea.
badly,באופן קשה / מאוד (בהקשר שלילי),6,scrap,He plays badly.
bag,תיק,3,band22,Put your books in your bag.
baggage,מטען,7,band22,"We use ""baggage"" in English."
bake,לאפות,7,band22,Let's bake cookies together.
balance,שיווי משקל; יתרה,9,"lexisband3,band33july18",Check your bank balance.
ball,כדור,2,"band22,band33july18",Throw the ball to me.
ban,"איסור, לאסור",9,"lexisband3,band33july18",There's a ban on smoking here.
banana,בננה,2,band22,I eat a banana for breakfast.
band,להקה,7,"band22,band33july18",The band played some music.
bank,בנק,7,"band22,band33july18",Put your money in the bank.
bank account,חשבון בנק,8,lexisband3,I opened a new bank account.
bar,בר / חפיסה,7,"band22,band33july18",A bar of chocolate. A bar of a cage. We bought some orange juice at the bar.
bare,"חשוף, ריק",9,lexisband3,The walls were bare.
barely,בקושי,8,"lexisband3,band33july18",I could barely see in the dark.
bargain,"מציאה, עסקה",8,lexisband3,This coat is a real bargain.
barrier,"מחסום, מכשול",8,"lexisband3,band33july18",Language can be a barrier to communication.
base,בסיס,7,band22,The story is based on real events.
based on,מבוסס על,5,band22,This movie is based on a true story.
basement,מרתף,9,lexisband3,The basement is very dark.
basic,בסיסי,7,band22,These are the basic rules.
basically,בעיקרון,8,band33july18,
basis,בסיס / יסוד,6,band22,Exercise should be part of your daily basis.
bath,אמבטיה,7,band22,"We use ""bath"" in English."
bathroom,חדר שירותים,7,band22,"We use ""bathroom"" in English."
battery,סוללה,7,band22,"We use ""battery"" in English."
battle,קרב,7,"band22,band33july18",The battle lasted three days.
bay,מפרץ,8,lexisband3,The ship sailed into the bay.
be (just) about to do sth,"עומד ל-, בדיוק הולך ל-",8,lexisband3,I'm just about to leave.
be (of) any/some/no use,להועיל,9,lexisband3,Is this of any use to you?
be a bad/good influence (on sb),להשפיע לרעה/לטובה,9,lexisband3,Friends can be a good influence.
be a piece of cake,להיות קל מאוד,9,lexisband3,The exam was a piece of cake.
be able to do sth,להיות מסוגל לעשות משהו,7,band33july18,
be absorbed in sth,להיות שקוע ב-,9,lexisband3,He was absorbed in his book.
be associated with sth,להיות קשור ל-,9,lexisband3,Smoking is associated with cancer.
be at/on the point of doing sth,להיות על סף,9,lexisband3,I was on the point of leaving.
be based at/in/etc,להיות ממוקם ב-,9,lexisband3,The company is based in London.
be conscious of/that,להיות מודע ל-,9,lexisband3,I'm conscious of my mistakes.
be expecting (a baby),להיות בהריון,8,lexisband3,They're expecting their first baby.
be exposed to sth,להיחשף ל-,9,lexisband3,Children shouldn't be exposed to violence.
be hard on sb,להיות קשה עם מישהו,9,lexisband3,Don't be so hard on yourself.
be in a mood,להיות במצב רוח,9,lexisband3,She's in a bad mood today.
be in charge,להיות אחראי,8,lexisband3,Who is in charge here?
be in favor of sth,להיות בעד משהו,9,lexisband3,I'm in favor of the proposal.
be likely to,סביר ש / צפוי ל,7,band22,They are likely to win.
be no good / be not any/much good,לא להיות טוב,7,band33july18,
be out of sth,להיגמר ממשהו,8,lexisband3,We're out of milk.
be responsible for sth/doing sth,להיות אחראי ל-,8,lexisband3,She is responsible for the project.
"be situated in/on/by, etc",להיות ממוקם ב-,8,lexisband3,The hotel is situated near the beach.
be the case,להיות המצב,7,band33july18,That is not the case it's not true
be used to,רגיל ל,8,band22,I am used to waking up early.
beach,חוף,7,"band22,band33july18",Let's build a sandcastle at the beach.
bear,לשאת / דוב,6,band33july18,I can't bear it!
bear/keep in mind,לזכור / לקחת בחשבון,7,band33july18,
beat,להביס / להכות,7,band22,Our team beat them 3-1.
beautiful,יפה,3,band22,What a beautiful day!
beauty,יופי,7,"band22,band33july18","We use ""beauty"" in English."
because,בגלל,3,band22,I stayed home because I was sick.
become,להפוך ל,7,band22,I want to become a doctor.
bed,מיטה,2,band22,Make your bed every morning.
Bedouin,בדואי,4,band22,"We use ""Bedouin"" in English."
bedroom,חדר שינה,2,band22,My bedroom is upstairs.
Beduin,בדואי,4,band22,"We use ""Beduin"" in English."
before,לפני,3,band22,Wash your hands before dinner.
begin,להתחיל,3,band22,Let's begin the lesson.
beginning,התחלה,7,"band22,band33july18","We use ""beginning"" in English."
behave,להתנהגות,7,band22,Please behave nicely at dinner.
behavior,התנהגות,7,band22,Good behavior is important.
behind,מאחורי,7,band22,The cat is hiding behind the sofa.
belief,אמונה,7,"band22,band33july18",Everyone has their own beliefs.
believe,להאמין,7,band22,I believe you can do it.
believe in sth,להאמין במשהו,8,lexisband3,I believe in working hard.
believe it or not,תאמין או לא,8,lexisband3,"Believe it or not, he won the lottery."
bell,פעמון,7,band22,The bell rings at 3 o'clock.
belong,להשתייך,7,band22,"We use ""belong"" in English."
belong to,להשתייך ל,5,band22,This book belongs to me.
below,מתחת,7,band22,The fish swam below the surface.
belt,חגורה,7,band22,Fasten your seat belt.
bench,ספסל,8,lexisband3,Let's sit on that bench.
bend,"לכופף, לעקם",8,lexisband3,Bend your knees when you lift.
beneath,מתחת,8,band33july18,
beneficial,מועיל,9,band33july18,adj
benefit,תועלת / להרוויח,8,band33july18,adj
beside,לצד,7,band22,Sit beside me.
besides,"מלבד, בנוסף",8,lexisband3,"Besides English, she speaks Spanish."
best,הכי טוב,7,band22,She's my best friend.
better,יותר טוב,7,band22,I feel better today.
better off,במצב טוב יותר,7,band33july18,
between,בין,7,band22,The secret is between you and me.
beyond,מעבר ל,7,band22,The mountains are beyond the river.
bias,הטיה / דעה קדומה,6,band33july18,
bicycle,אופניים,7,band22,I ride my bicycle to school.
big,גדול,1,band22,That's a big house.
bike,אופניים,7,band22,Let's go for a bike ride.
bill,חשבון (לתשלום),7,"band22,band33july18",Pay the bill. A dollar bill.
billion,מיליארד,8,band33july18,
bind,לקשור,6,band33july18,
biological,ביולוגי,9,band33july18,adj
biology,ביולוגיה,7,"band22,band33july18","We use ""biology"" in English."
bird,ציפור,2,"band22,band33july18",A bird is building a nest in the tree.
birth,לידה,7,band22,"We use ""birth"" in English."
birthday,יום הולדת,2,band22,Happy birthday!
bit,קצת,7,band22,"We use ""bit"" in English."
bite,לנשוך,7,band22,My dog doesn't bite.
bitter,"מר, מריר",8,lexisband3,The medicine tastes bitter.
black,שחור,1,band22,I want the black shoes.
blackboard,לוח,7,band22,"We use ""blackboard"" in English."
blame,להאשים / אשמה,6,band22,Don't blame me for this.
blanket,שמיכה,7,band22,This blanket is warm and soft.
blind,עיוור,7,band22,"We use ""blind"" in English."
block,לחסום / גוש,7,"band22,band33july18","We use ""block"" in English."
blood,דם,7,band22,The nurse took a blood sample.
blow,לנשוף,7,band22,The wind blows strongly today.
blow up,להתפוצץ / לנפח,7,band33july18,The children blew up the balloons for the birthday party. The blew up the old building with dynamite
blow up (sth/sb),לפוצץ,8,lexisband3,They blew up the old building.
blue,כחול,1,band22,The sky is blue.
boat,סירה,7,band22,We went fishing in a small boat.
body,גוף,2,band22,Your body needs rest.
boiled,"מבושל, רתוח",8,lexisband3,Would you like a boiled egg?
bold,"נועז, אמיץ",8,"lexisband3,band33july18",It was a bold decision.
bond,"קשר / אג""ח",6,band33july18,
bone,עצם,7,"band22,band33july18",He broke a bone in his leg.
book,ספר,1,band22,This book is very interesting.
boot,מגף,7,band22,"We use ""boot"" in English."
border,גבול,7,band22,We crossed the border into Jordan.
bored,משועמם,7,band22,"We use ""bored"" in English."
boring,משעמם,7,band22,"We use ""boring"" in English."
born,נולד,7,band22,I was born in 2012.
borrow,ללוות,7,band22,Can I borrow your pen?
boss,בוס,7,band22,"We use ""boss"" in English."
both,שניהם,7,band22,Both answers are correct.
both...and,גם... וגם,4,band22,She speaks both English and French.
bother,להטריד,7,band22,"Don't bother me now, I'm busy."
bottle,בקבוק,3,band22,Drink the whole bottle of water.
bottom,תחתית,7,band22,The answer is at the bottom of the page.
bound to,בטוח ל / חייב ל,7,band33july18,It's bound to happen inevitable.
boundary,גבול,8,band33july18,
box,קופסה,2,band22,The box is full of toys.
boy,ילד,1,band22,The boy is playing in the park.
brain,מוח,7,band22,Use your brain to solve problems.
brake,בלם,8,lexisband3,He stepped on the brake.
branch,ענף / סניף,5,band22,The bank has many branches.
brave,אמיץ,7,band22,He was very brave.
bread,לחם,1,band22,Can you buy some bread?
break,הפסקה / לשבור,3,"band22,band33july18",Take a short break! A break in relations.
break down,להתקלקל,7,band33july18,The old car broke down
break off,להפסיק,7,band33july18,We broke off the discussion to have coffee
break out,לפרוץ,7,band33july18,a disease broke out and many people died
break up,להתפרק,7,band33july18,They broke up the meeting.
breakfast,ארוחת בוקר,2,band22,Breakfast is the most important meal.
breast,"חזה, שד",8,lexisband3,Breast cancer awareness is important.
breath,נשימה,7,band33july18,v
breathe,לנשום,8,band33july18,v
breeze,"רוח קלה, בריזה",8,lexisband3,A cool breeze blew from the sea.
brick,לבנה,8,lexisband3,The house is made of brick.
bridge,גשר,7,band22,The bridge crosses the river.
brief,קצר / תדרוך,7,band33july18,adv
briefly,בקצרה,8,band33july18,adv
bright,בהיר,7,band22,The sun is bright today.
brilliant,מבריק,8,band22,She had a brilliant idea.
bring,להביא,3,band22,Please bring your books tomorrow.
bring up,לגדל / להעלות,7,band33july18,The chairperson brought up a new issue. The parents bring up their children.
bring up sb,"לגדל, לחנך",8,lexisband3,She brought up three children alone.
British,בריטי,8,band33july18,The British people. Do you like the British?
broad,רחב,5,band22,"We use ""broad"" in English."
broken,שבור,8,band22,The window is broken.
brother,אח,2,band22,I have one younger brother.
brush,להבריש / מברשת,8,band22,Brush your teeth twice a day.
bucket,דלי,8,lexisband3,Fill the bucket with water.
budget,תקציב,7,band33july18,
bug,"חרק, באג",8,lexisband3,There's a bug in the computer program.
build,לבנות,8,band22,They are building a new school.
building,בניין,8,"band22,band33july18",That building is 50 stories tall.
bull,שור,8,lexisband3,Be careful of the bull in the field.
bunch,"צרור, אשכול",8,lexisband3,I bought a bunch of flowers.
burn,לשרוף,8,"band22,band33july18",Don't burn the toast.
burst into tears,לפרוץ בבכי,8,lexisband3,She burst into tears when she heard the news.
bury,לקבור,8,lexisband3,They buried the treasure in the garden.
bus,אוטובוס,1,band22,"We use ""bus"" in English."
business,עסקים,8,band22,My parents own a small business.
businessman,איש עסקים,8,band22,"We use ""businessman"" in English."
busy,עסוק,3,band22,I'm too busy to talk.
but,אבל,3,band22,"We use ""but"" in English."
butcher,קצב,8,lexisband3,Buy the meat from the butcher.
button,כפתור,8,band22,Push the red button.
buy,לקנות,2,band22,I need to buy some milk.
by,על ידי,8,band22,"We use ""by"" in English."
by accident,במקרה / בטעות,4,band22,"We use ""by accident"" in English."
by chance,במקרה,5,band22,I met her by chance at the mall.
by far,ללא ספק,8,band33july18,They are by far the best team in the country
by means of,באמצעות,8,band33july18,
by no means,בשום אופן לא,8,band33july18,
by now,עד עכשיו,8,band33july18,
by the time,עד שה / כאשר,8,band22,"By the time I arrived, the movie had started."
by the way,אגב / דרך אגב,7,band22,"By the way, did you call your mom?"
by/in contrast (to),בניגוד ל,7,band33july18,
cab,מונית,8,lexisband3,Let's take a cab to the airport.
cabin,"תא, בקתה",8,lexisband3,We stayed in a small cabin in the woods.
cabinet,ארון / קבינט,8,band33july18,
cafeteria,קפיטריה,8,band22,The school cafeteria serves lunch.
cage,כלוב,8,band22,The bird is in a cage.
cake,עוגה,1,band22,Mom baked a chocolate cake.
calculate,לחשב,8,"lexisband3,band33july18",Calculate the total cost.
calculation,חישוב,9,band33july18,n
calculator,מחשבון,8,band22,Use a calculator for math.
calendar,לוח שנה,8,band22,Mark the date on the calendar.
call,להתקשר / לקרוא,8,band22,I'll call you later.
call for,לדרוש / לאסוף,7,band33july18,I'll come by and call for you at eight o'clock at your home.
camera,מצלמה,8,band22,Take a picture with your camera.
camp,מחנה,8,band22,"We use ""camp"" in English."
campaign,קמפיין / מסע,8,band33july18,The political party's campaign was successful: they were elected. We were campaigning for equal rights.
can,"יכול, לפעמים קורה",8,lexisband3,Accidents can happen.
can tell,"יכול לומר, מבחין",8,"lexisband3,band33july18",I can tell by your smile that you are satisfied.
cancel,לבטל,5,band22,We had to cancel the trip.
cancer,סרטן,8,"band22,band33july18","We use ""cancer"" in English."
candidate,מועמד,8,band33july18,
candle,נר,8,band22,Light the candles on the cake.
candy,ממתק,2,band22,Too much candy is bad for your teeth.
cap,כובע מצחייה,8,band22,He's wearing a baseball cap.
capability,יכולת,9,band33july18,n
capable,מסוגל,8,band33july18,n
capacity,"נפח, קיבולת",8,"lexisband3,band33july18",This student has great capacity for hard work. The hall has a seating capacity of 1000.
capital,עיר בירה,8,band22,Jerusalem is the capital of Israel.
captain,קפטן,8,band22,"We use ""captain"" in English."
capture,"ללכוד, לתפוס",8,"lexisband3,band33july18",The police captured the criminal.
car,מכונית,1,band22,"We use ""car"" in English."
card,כרטיס,8,band22,I got a birthday card from grandma.
care,לדאוג / טיפול,8,band22,Take care of your belongings.
care for,לדאוג ל,7,band33july18,She cares for her old mother.
career,קריירה,7,band33july18,She had a very successful career.
careful,זהיר,8,band22,Be careful!
carefully,בזהירות,8,"band22,band33july18","We use ""carefully"" in English."
carpet,שטיח,8,band22,The carpet is soft under my feet.
carry,לסחוב,8,band22,Can you carry this bag?
carry on sth / carry sth on,להמשיך משהו,7,band33july18,
carry out,לבצע / לקיים,6,band22,We will carry out the plan tomorrow.
cartoon,סרט מצויר,8,band22,I love watching cartoons.
case,מקרה / תיק,8,band22,Put the glasses in the case.
cash,מזומן,8,band22,I don't have any cash.
castle,טירה,8,band22,The old castle is now a museum.
casual,"מזדמן, לא רשמי",8,lexisband3,"It's a casual meeting, no need for a suit."
cat,חתול,1,band22,My cat sleeps all day.
catalog/catalogue,קטלוג,8,lexisband3,Look through the catalog for ideas.
catch,לתפוס,8,band22,Try to catch the ball.
catch up (with),להדביק,7,band33july18,"Let's meet and catch up! I was walking faster than he was, so I soon caught up with him."
category,קטגוריה,8,band33july18,
Catholic,קתולי,8,band33july18,
cause,סיבה / לגרום,8,band22,What caused the accident?
cave,מערה,8,lexisband3,They explored the dark cave.
ceiling,תקרה,8,band22,"We use ""ceiling"" in English."
celebrate,לחגוג,8,band22,Let's celebrate your birthday!
celebration,חגיגה,8,band22,We're having a celebration tonight.
cell,תא,6,band33july18,Our body is made up of cells. A prison cell.
cellphone,טלפון נייד,8,"band22,band33july18","We use ""cellphone"" in English."
census,מפקד אוכלוסין,7,band33july18,
cent,סנט,8,band22,"We use ""cent"" in English."
center,מרכז,8,band22,"We use ""center"" in English."
central,מרכזי,8,"band22,band33july18",We live in central Tel Aviv.
centrally,באופן מרכזי,8,band33july18,adv
century,מאה (שנים),8,band22,A century is 100 years.
ceremony,טקס,8,lexisband3,The graduation ceremony was beautiful.
certain,מסוים / בטוח,8,band22,I'm certain she will come.
certainly,בוודאות,8,"band22,band33july18","We use ""certainly"" in English."
certificate,תעודה,8,lexisband3,She received a certificate of completion.
chain,שרשרת / רשת,8,"band22,band33july18","We use ""chain"" in English."
chair,כיסא,1,band22,Sit on the chair.
chair (man,יושב ראש,7,band33july18,She was chair of the committee.
chairperson,"יו""ר",8,lexisband3,The chairperson opened the meeting.
challenge,אתגר,8,"band22,band33july18","We use ""challenge"" in English."
champion,אלוף,8,band22,"We use ""champion"" in English."
chance,סיכוי,8,band22,Give me another chance.
change,לשנות,8,"band22,band33july18",Change is not always easy.
channel,ערוץ,8,"band22,band33july18","We use ""channel"" in English."
chapter,פרק,5,band22,Read chapter 5 for homework.
character,דמות,8,band22,He is an interesting character.
characteristic,תכונה אופיינית,8,"lexisband3,band33july18",Patience is his main characteristic.
charge,לחייב / להטעין,8,"band22,band33july18",They charged too much money. Charge a battery.
chase,"לרדוף, מרדף",8,lexisband3,The dog chased the cat.
cheap,זול,8,band22,These shoes are cheap.
cheat,"לרמות, רמאי",8,lexisband3,Don't cheat on the test.
check,לבדוק,8,band22,Check your answers before submitting.
check in/check out,לעשות צ'ק אין/אאוט,8,lexisband3,Check in at the hotel reception.
check out,לעזוב / לבדוק,7,band33july18,Check out of the hotel by 12 o'clock.
check out sth / check sth out,לבדוק משהו,7,band33july18,We checked out the area: it's safe.
checklist,רשימת בדיקה,8,band33july18,
Cheers!,לחיים!,8,lexisband3,Cheers! Happy birthday!
chef,שף,8,band22,"We use ""chef"" in English."
chemical,כימי,8,"band22,band33july18","We use ""chemical"" in English."
chemistry,כימיה,8,"band22,band33july18","We use ""chemistry"" in English."
chess,שחמט,8,band22,"We use ""chess"" in English."
chicken,עוף,8,"band22,band33july18",We're having chicken for dinner.
chief,ראשי / מפקד,8,"band22,band33july18","We use ""chief"" in English."
chief of staff,"רמטכ""ל",7,band33july18,
child,ילד,2,band22,Every child deserves a good education.
children,ילדים,2,band22,The children are playing outside.
Chinese,סיני,8,band33july18,Chinese food. The Chinese are an oriental nation.
chips,צ'יפס,8,band22,"We use ""chips"" in English."
chocolate,שוקולד,8,band22,I love chocolate ice cream.
choice,בחירה,8,band22,You have to make a choice.
choose,לבחור,8,band22,You can choose any color you like.
Christian,נוצרי,5,band22,"We use ""Christian"" in English."
Christmas,חג המולד,8,band33july18,
church,כנסייה,8,"band22,band33july18",The church has beautiful windows.
cinema,קולנוע,8,band22,There's a new movie at the cinema.
Circassian,צ'רקסי,6,band22,"We use ""Circassian"" in English."
circle,מעגל,8,band22,Draw a circle on the paper.
circumstance(s),נסיבות,9,band33july18,
cite,לצטט,6,band33july18,
citizen,אזרח,8,"band22,band33july18","We use ""citizen"" in English."
citizenship,אזרחות,9,band33july18,
city,עיר,3,band22,New York is a big city.
civil,אזרחי,7,band33july18,adj
civilian,אזרחי,8,band33july18,adj
civilization,תרבות,9,band33july18,n
civilized,מתורבת,8,band33july18,n
claim,"לטעון, קביעה",8,"lexisband3,band33july18",He claims to be innocent.
clarification,הבהרה,9,band33july18,n
clarify,להבהיר,8,band33july18,n
class,כיתה,2,band22,Our class has 25 students.
classic,קלאסי,8,lexisband3,This is a classic example.
classify,לסווג,8,band33july18,
clean,נקי,2,band22,Your room is very clean.
clean up,לנקות,7,band33july18,Please clean up after you've finished working here.
clearly,בבירור,8,band33july18,
clever,פיקח,9,band22,That was a clever solution to the problem.
client,לקוח,7,band33july18,
climate,אקלים,6,band22,"We use ""climate"" in English."
climb,לטפס,9,band22,The children love to climb trees.
clinic,מרפאה,9,band22,The clinic opens at 8 AM.
clock,שעון,2,band22,The clock says it's 3 PM.
close,לסגור / קרוב,9,band22,We live close to the school.
close down sth / close sth down,לסגור משהו,7,band33july18,
closet,ארון,9,band22,"We use ""closet"" in English."
clothes,בגדים,2,band22,Hang your clothes in the closet.
clothing,"ביגוד, לבוש",8,lexisband3,The store sells children's clothing.
cloud,ענן,9,band22,The clouds are white and fluffy.
cloudy,מעונן,9,band22,"We use ""cloudy"" in English."
club,מועדון,9,band22,I joined the chess club.
clue,רמז,5,band22,"We use ""clue"" in English."
coach,מאמן,9,band22,"We use ""coach"" in English."
coast,חוף,9,band22,We drove along the coast.
coat,מעיל,2,band22,"Wear your coat, it's cold outside."
code,קוד / צופן,6,band22,What's the secret code?
coffee,קפה,9,band22,My dad drinks coffee every morning.
coin,מטבע,9,band22,I found a coin on the ground.
cold,קר,2,band22,It's cold today.
collar,צווארון,8,lexisband3,"Turn up your collar, it's windy."
colleague,עמית,8,band33july18,
collect,לאסוף,9,band22,I collect stamps as a hobby.
collection,אוסף,9,"band22,band33july18","We use ""collection"" in English."
collector,אוסף,8,lexisband3,He's a stamp collector.
college,מכללה,9,"band22,band33july18",She goes to college in Jerusalem.
color,צבע,9,band22,My favorite color is blue.
colorful,צבעוני,9,band22,She wore a colorful dress.
combination,שילוב,9,band33july18,n
combine,לשלב,8,band33july18,n
come,לבוא,3,band22,"Come here, I want to show you something."
come across sth/sb,לנתקל במשהו/במישהו,7,band33july18,I came across this idea as I was reading.
"come after/first/last, etc",לבוא אחרי/ראשון/אחרון,8,lexisband3,Z comes after Y in the alphabet.
come down with sth,לחלות במשהו,7,band33july18,He came down with the flu
come on!,יאללה!,7,band33july18,
come out,לצאת / להתפרסם,7,band33july18,The books comes out next month.
come over,לבוא לבקר,7,band33july18,Please come over when you're in town!
come true,להתגשם,7,band33july18,
come up (to),לגשת,7,band33july18,A stranger came up (to me) to ask for directions
come up with sth,להמציא משהו,7,band33july18,She came up with an amazing idea.
comfortable,נוח,9,band22,This chair is comfortable.
comic,קומי,9,band22,"We use ""comic"" in English."
commander,מפקד,8,band33july18,
comment,תגובה / להגיב,8,band33july18,
commerce,מסחר,8,band33july18,adj
commercial,מסחרי,9,band33july18,adj
commit,להתחייב / לבצע,7,band33july18,Commit a crime. They committed themselves. They were committed to helping the poor. It was a serious commitment.
commitment,מחויבות,9,band33july18,Commit a crime. They committed themselves. They were committed to helping the poor. It was a serious commitment.
committee,ועדה,8,band33july18,
common,נפוץ,9,band22,Smith is a common name.
common sense,משותף,7,band33july18,
communicate,לתקשר,9,band22,"We use ""communicate"" in English."
communication,תקשורת,9,band22,Good communication is important.
community,קהילה,8,band33july18,
company,חברה (עסקית),9,band22,My father works for a big company.
comparative,יחסי / השוואתי,9,band33july18,adj
compare,להשוות,9,band22,Compare these two pictures.
comparison,השוואה,9,band33july18,adj
compete,להתחרות,8,band33july18,n
competition,תחרות,9,"band22,band33july18","We use ""competition"" in English."
competitive,תחרותי,8,"lexisband3,band33july18",The job market is very competitive.
complain,להתלונן,9,band22,She always complains about everything.
complete,להשלים / שלם,9,band22,The list is complete.
completely,לגמרי,9,"band22,band33july18",I completely forgot!
complex,מורכב,8,band33july18,
complicated,"מסובך, מורכב",8,lexisband3,The situation is quite complicated.
component,רכיב,8,band33july18,
compose,להלחין / לחבר,8,band33july18,n
composition,הרכב / חיבור,9,band33july18,n
comprehend,להבין,9,band33july18,n
comprehension,הבנה,9,band33july18,n
comprehensive,מקיף,9,band33july18,
comprise,לכלול,8,band33july18,adj
comprised of,מורכב מ,7,band33july18,adj
computer,מחשב,3,band22,I use my computer for homework.
concentrate,להתרכז,9,band33july18,n
concentration,ריכוז,9,band33july18,n
concept,מושג,8,band33july18,
concern,"לעניין, להדאיג",8,"lexisband3,band33july18",This matter concerns us all.
concerned,מודאג / נוגע,8,band33july18,adj
concerned with sth,עוסק ב,7,band33july18,The article is concerned with matters of health.
concert,קונצרט,9,band22,"We use ""concert"" in English."
conclude,להסיק,8,band33july18,v
conclusion,מסקנה,9,band33july18,v
condition,מצב / תנאי,9,band22,The old car is in bad condition.
conditions,תנאים,8,lexisband3,The working conditions are good.
conduct,"לבצע, לנהל",8,"lexisband3,band33july18",They will conduct a survey.
conference,כנס,9,band33july18,
confidence,בטחון עצמי,9,band33july18,n
confident,בטוח בעצמו,8,band33july18,n
confirm,לאשר,8,band33july18,n
confirmation,אישור,9,band33july18,n
conflict,קונפליקט / סכסוך,8,band33july18,
confused,מבולבל,9,band22,I'm confused.
congratulations,ברכות,9,band22,"We use ""congratulations"" in English."
connect,לחבר,9,band22,Connect the dots to make a picture.
connection,חיבור,9,band22,There's a connection between these events.
consensus,קונצנזוס / הסכמה,8,band33july18,
consequence,"תוצאה, השלכה",8,"lexisband3,band33july18",Every action has consequences.
consequently,כתוצאה מכך,9,band33july18,adv
consider,לשקול,9,band22,I'll consider your suggestion.
considerable,"ניכר, משמעותי",8,"lexisband3,band33july18",There was considerable damage.
considerably,באופן ניכר,9,band33july18,adv
consideration,שיקול,9,band33july18,Take into consideration.
considered (as),נחשב (כ),7,band33july18,
consist,להכיל / להיות מורכב,8,band33july18,
consist of,להכיל / להיות מורכב מ,7,band33july18,
consistent,עקבי,9,band33july18,adv
consistently,באופן עקבי,9,band33july18,adv
constant,קבוע,8,band33july18,adv
constantly,ללא הרף,9,band33july18,adv
constitution,חוקה,9,band33july18,the American constitution is a list of laws.
construct,לבנות,8,band33july18,n
construction,בנייה,9,band33july18,n
consume,לצרוך,8,band33july18,n
consumer,צרכן,8,band33july18,n
contact,קשר / מגע,9,band22,"We use ""contact"" in English."
contain,להכיל,9,"band22,band33july18",This box contains old toys.
container,מיכל,8,band33july18,n
contemporary,"בן זמננו, עכשווי",8,"lexisband3,band33july18",He studies contemporary art.
content,תוכן,9,band22,"We use ""content"" in English."
contents,תוכן העניינים,6,band22,Check the table of contents.
contest,תחרות,8,lexisband3,She won the singing contest.
context,הקשר,8,band33july18,
continent,יבשת,8,lexisband3,Africa is a large continent.
continue,להמשיך,9,band22,Let's continue reading the story.
continuous,רציף,9,band33july18,adv
continuously,באופן רציף,9,band33july18,adv
contradict,לסתור,9,band33july18,
contrary to,בניגוד ל,7,band33july18,
contrast,ניגוד / להבדיל,8,band33july18,In contrast.
contribute,לתרום,9,band33july18,n
contribution,תרומה,9,band33july18,n
control,שליטה,9,band22,Try to control your anger.
convention,כנס / מוסכמה,9,band33july18,adj
conventional,קונבנציונלי,9,band33july18,adj
conversation,שיחה,9,band22,We had a nice conversation.
convert,להמיר,8,band33july18,
convey,להעביר,7,band33july18,
cook,לבשל,9,band22,My mother cooks delicious meals.
cookie,עוגייה,9,band22,May I have a cookie?
cool,קריר / מגניב,9,band22,It's nice and cool today.
cooperate,לשתף פעולה,8,band33july18,n
cooperation,שיתוף פעולה,9,band33july18,n
coordinate,לתאם,9,band33july18,n
coordination,תיאום,9,band33july18,n
cope,להתמודד,8,lexisband3,She's coping well with the stress.
cope with,להתמודד,7,band33july18,
copy,להעתיק,9,band22,Don't copy from your friend.
core,ליבה / מרכזי,6,band33july18,
corner,פינה,9,band22,The shop is around the corner.
correct,נכון / לתקן,9,band22,Your answer is correct.
correspond,"להתכתב, לכתוב",8,"lexisband3,band33july18",They corresponded for years.
cost,עלות / לעלות,9,band22,How much does this cost?
costume,תלבושת,8,lexisband3,She wore a Halloween costume.
could,יכול (עבר),9,band22,I could help you tomorrow.
council,מועצה,8,band33july18,
count,לספור,9,"band22,band33july18","That doesn't count, it's not relevant."
country,מדינה,3,band22,Israel is a beautiful country.
couple,זוג,9,band22,The couple went for a walk.
courage,אומץ,8,lexisband3,It takes courage to admit mistakes.
course,קורס / מסלול,9,band22,I'm taking a cooking course.
court,בית משפט,9,band22,"We use ""court"" in English."
cousin,בן דוד,9,band22,My cousin lives in Haifa.
cover,לכסות,9,"band22,band33july18",Cover your mouth when you cough.
cow,פרה,9,band22,The cow gives us milk.
crash,"התרסקות, להתרסק",8,lexisband3,The plane crash was tragic.
crazy,משוגע,9,band22,That's a crazy idea!
cream,שמנת / קרם,9,band22,Add some cream to your coffee.
create,ליצור,9,band22,Let's create something new.
creation,יצירה,8,band33july18,n
creative,יצירתי,9,"band22,band33july18",She is very creative.
creature,יצור,9,band22,"We use ""creature"" in English."
credit,אשראי,9,band22,"We use ""credit"" in English."
credit card,כרטיס אשראי,4,band22,"We use ""credit card"" in English."
crime,פשע,9,band22,Stealing is a crime.
criminal,פושע,9,"band22,band33july18","We use ""criminal"" in English."
crisis,משבר,7,band33july18,
criterion,"קריטריון, מדד",8,lexisband3,What is the criterion for success?
criterion (pl: criteria),"קריטריון, מדד",7,band33july18,
critic,מבקר,8,lexisband3,The film critic loved the movie.
critical,קריטי / ביקורתי,8,band33july18,n
criticism,ביקורת,9,"band22,band33july18","We use ""criticism"" in English."
criticize,לבקר,8,band33july18,n
cross,לחצות,9,band22,Look both ways before you cross the street.
crowd,קהל / המון,9,band22,There was a big crowd at the concert.
crowded,צפוף,9,band22,The bus was crowded.
crucial,מכריע / חיוני,8,band33july18,
cry,לבכות,9,band22,The baby started to cry.
cultural,תרבותי,9,band22,We visited many cultural sites.
culture,תרבות,9,band22,Every country has its own culture.
cup,ספל,9,band22,Would you like a cup of tea?
cupboard,ארון מטבח,9,band22,The plates are in the cupboard.
cure,"תרופה, לרפא",8,lexisband3,There's no cure for the common cold.
curious,סקרן,9,band22,I'm curious about your trip.
curly,מתולתל,9,band22,She has curly hair.
current,נוכחי,9,"band22,band33july18",What's the current temperature?
currently,כרגע,8,band33july18,
curriculum,תכנית לימודים,9,band33july18,
curtain,וילון,9,band22,"Close the curtains, it's too bright."
customer,לקוח,9,"band22,band33july18","We use ""customer"" in English."
customs,מכס,8,lexisband3,Go through customs at the airport.
cut,לחתוך,9,"band22,band33july18",Cut the paper along the dotted line.
cut down sth,"לכרות, לצמצם",8,lexisband3,We need to cut down expenses.
cut off,לנתק,7,band33july18,We talked on the telephone until we were cut off.
cute,חמוד,9,band22,What a cute puppy!
cyberbullying,בריונות רשת,8,lexisband3,Cyberbullying is a serious problem.
cycle,מחזור,9,"band22,band33july18","We use ""cycle"" in English."
dad,אבא,1,band22,My dad drives me to school.
daily,יומי,9,"band22,band33july18",Exercise is part of my daily routine.
damage,נזק,9,"band22,band33july18",The storm damaged many houses.
dance,לרקוד,9,band22,May I have this dance?
dancer,רקדן,9,band22,"We use ""dancer"" in English."
danger,סכנה,9,band22,Danger! Do not enter.
dangerous,מסוכן,9,band22,Swimming here is dangerous.
dark,חושך / כהה,10,band22,It gets dark early in winter.
data,נתונים,10,"band22,band33july18","We use ""data"" in English."
date,תאריך / פגישה,10,band22,What's today's date?
date of birth,תאריך לידה,4,band22,Please write your date of birth.
daughter,בת,10,band22,She has two daughters.
day,יום,1,band22,Have a nice day!
dead,מת,10,band22,The plant is dead.
deaf,חירש,10,band22,"We use ""deaf"" in English."
deal,עסקה / להתמודד,10,band22,That's a good deal.
deal with,להתמודד עם / לטפל ב,6,band22,How do you deal with difficult problems?
dear,יקר,10,band22,Dear Mom and Dad...
death,מוות,10,"band22,band33july18",We were sad about his death.
debate,ויכוח / לוויכח,7,band33july18,
debt,חוב,8,"lexisband3,band33july18",They're in debt to the bank.
decade,עשור,8,"lexisband3,band33july18",Three decades have passed.
decide,להחליט,10,band22,I can't decide what to wear.
decision,החלטה,10,"band22,band33july18",I made an important decision.
deck,סיפון,8,lexisband3,We sat on the ship's deck.
declaration,הצהרה,9,band33july18,n
declare,"להצהיר, להכריז",8,"lexisband3,band33july18",He declared his love for her.
decline,ירידה / לדחות,8,band33july18,
decorate,"לקשט, לעטר",8,lexisband3,They decorated the house for Christmas.
decrease,"ירידה, להפחית",8,"lexisband3,band33july18",There's been a decrease in crime.
dedicate,להקדיש לזכר,8,lexisband3,The statue is dedicated to fallen soldiers.
deep,עמוק,10,band22,The water is very deep.
deeply,עמוקות,10,band22,"We use ""deeply"" in English."
deer,צבי,10,band22,"We use ""deer"" in English."
defeat,"תבוסה, להביס",8,lexisband3,They suffered a crushing defeat.
defend,להגן,7,band33july18,
defense,הגנה,8,band33july18,
define,להגדיר,7,band33july18,
definitely,בהחלט,10,band22,I will definitely be there.
definition,הגדרה,10,band22,Look up the definition in the dictionary.
degree,תואר / מעלה,10,"band22,band33july18",100 degrees. An academic degree.
delayed,"מאוחר, עוכב",8,lexisband3,The flight was delayed by two hours.
delegation,משלחת,9,band33july18,
delete,למחוק,5,band22,Delete the wrong answer.
deliberately,"במתכוון, בכוונה",8,lexisband3,He deliberately ignored me.
delicious,טעים,10,band22,This cake is delicious.
delighted,שמח מאוד,10,band22,"We use ""delighted"" in English."
deliver,למסור / לשלוח,10,band22,The postman will deliver the package.
demand,לדרוש,10,"band22,band33july18",The workers demand better pay.
demanding,"תובעני, דורש",8,lexisband3,It's a demanding job.
democracy,דמוקרטיה,8,band33july18,adj
democratic,דמוקרטי,9,band33july18,adj
demonstrate,להפגין,8,"lexisband3,band33july18",Thousands demonstrated against the war.
demonstration,הפגנה,9,band33july18,n
denial,הכחשה,7,band33july18,n
dentist,רופא שיניים,10,band22,"We use ""dentist"" in English."
deny,להכחיש,10,"band22,band33july18",He denied breaking the window.
depart,לעזוב / לצאת,10,"band22,band33july18","We use ""depart"" in English."
department,מחלקה,10,"band22,band33july18","We use ""department"" in English."
departure,"יציאה, המראה",8,"lexisband3,band33july18",The departure time is 3 PM.
depend,להיות תלוי,10,band22,"We use ""depend"" in English."
depend on,תלוי ב,6,band22,The picnic depends on the weather.
deposit,"פיקדון, לשם",8,lexisband3,I need to make a deposit at the bank.
depress,לדכא,8,band33july18,adj
depressed,מדוכא,8,band33july18,adj
depressing,מדכא,9,band33july18,adj
depression,דיכאון,9,band33july18,adj
derive,לגזור / להפיק,7,band33july18,
describe,לתאר,10,band22,Can you describe your room?
description,תיאור,10,band22,Give me a description of the thief.
desert,מדבר,10,"band22,band33july18",The desert is very hot and dry.
deserve,להיות ראוי,10,band22,You deserve a reward for your hard work.
design,עיצוב,10,"band22,band33july18","We use ""design"" in English."
desire,תשוקה / רצון,10,"band22,band33july18","We use ""desire"" in English."
desk,שולחן כתיבה,1,band22,My desk is covered with books.
despite,למרות,8,band33july18,
destination,יעד,8,lexisband3,What's your final destination?
destroy,להרוס,10,"band22,band33july18",The fire destroyed the building.
destruction,הרס,8,"lexisband3,band33july18",The earthquake caused massive destruction.
detail,פרט,10,"band22,band33july18",Tell me every detail.
detailed,מפורט,8,band33july18,adj
detect,"לזהות, לגלות",8,"lexisband3,band33july18",The device can detect smoke.
detection,זיהוי,8,band33july18,n
detective,בלש,10,"band22,band33july18","We use ""detective"" in English."
determination,נחישות,9,band33july18,n
determine,לקבוע,8,"lexisband3,band33july18",We need to determine the cause.
develop,לפתח,10,"band22,band33july18",Children develop at different speeds.
development,"אירוע, תהליך",8,"lexisband3,band33july18",This is an interesting development.
device,מכשיר,10,"band22,band33july18","We use ""device"" in English."
devil,שטן,8,lexisband3,"Speak of the devil, here he comes!"
devise,לתכנן,7,band33july18,
diagram,"תרשים, דיאגרמה",8,"lexisband3,band33july18",Draw a diagram to explain.
dialogue,דיאלוג / שיח,8,band33july18,
dictionary,מילון,10,band22,"We use ""dictionary"" in English."
die,למות,10,"band22,band33july18",The flowers will die without water.
diet,דיאטה / תזונה,10,band22,"We use ""diet"" in English."
differ,להשתנות מאוד,8,lexisband3,Opinions differ widely on this issue.
difference,הבדל,10,"band22,band33july18",What's the difference between these two?
different,שונה,10,band22,These two are different.
differentiate,להבחין,9,band33july18,n
differentiation,בידול,9,band33july18,n
difficult,לא ידידותי,8,lexisband3,He's a difficult person to work with.
difficulty,קושי,10,"band22,band33july18",We had difficulty finding the place.
dig,לחפור,10,band22,The dog loves to dig holes.
digital,דיגיטלי,5,band22,We live in a digital world.
dilemma,דילמה,8,band33july18,
dimension,ממד,8,band33july18,
diminish,להקטין / לפחות,8,band33july18,
dinner,ארוחת ערב,10,band22,Dinner is ready!
direct,לביים,8,"lexisband3,band33july18",Who directed this film?
direction,כיוון,10,band22,Go in that direction.
directly,ישירות,10,"band22,band33july18","We use ""directly"" in English."
director,מנהל / במאי,10,band22,The director made a great movie.
dirt,לכלוך,10,band22,"We use ""dirt"" in English."
dirty,מלוכלך,10,band22,Your hands are dirty.
disabled,נכה,8,lexisband3,There are facilities for disabled people.
disagree,לא להסכים,10,band22,"We use ""disagree"" in English."
disagreement,אי הסכמה,8,lexisband3,We had a disagreement about the plan.
disappear,להיעלם,10,band22,The magician made the coin disappear.
disappoint,לאכזב,10,band22,"We use ""disappoint"" in English."
disappointed,מאוכזב,6,band22,I was disappointed with the result.
disaster,אסון,10,band22,"We use ""disaster"" in English."
discipline,משמעת / תחום,9,band33july18,Science is a discipline. Classroom discipline.
discover,לגלות,10,band22,Columbus discovered America in 1492.
discovery,תגלית,10,"band22,band33july18","We use ""discovery"" in English."
discriminate,להפלות,9,band33july18,n
discrimination,אפליה,9,band33july18,n
discuss,לדון,10,band22,Let's discuss the plan.
discussion,דיון,10,band22,We had a long discussion.
disease,מחלה,10,"band22,band33july18","We use ""disease"" in English."
dish,מנה / צלחת,10,band22,Wash the dishes after dinner.
dish(es),כלים / מנות,8,band33july18,
dishonest,לא ישר,8,lexisband3,That was a dishonest thing to do.
dishwasher,מדיח כלים,10,band22,"We use ""dishwasher"" in English."
disk,דיסק,8,lexisband3,Save the file to disk.
dislike,"לשנוא, שנאה",8,lexisband3,I dislike his attitude.
display,תצוגה / להציג,8,band33july18,
disposal,סילוק,8,band33july18,n
dispose,להשליך / לסלק,8,band33july18,n
dispute,מחלוקת,8,lexisband3,There's a dispute over the land.
dissatisfied,לא מרוצה,9,band33july18,
distance,מרחק,10,"band22,band33july18","We use ""distance"" in English."
distant,רחוק,8,band33july18,adj
distinction,הבחנה,9,band33july18,v
distinguish,"להבדיל, לזהות",8,"lexisband3,band33july18",Can you distinguish between them?
distribute,לחלק / להפיץ,9,band33july18,n
distribution,חלוקה / הפצה,9,band33july18,n
district,מחוז / רובע,8,band33july18,
disturb,"להפריע, להטריד",8,"lexisband3,band33july18",Sorry to disturb you.
disturbance,הפרעה,9,band33july18,n
diverse,מגוון,8,band33july18,n
diversity,גיוון,8,band33july18,n
divide,לחלק,10,band22,Divide the cake into eight pieces.
division,חלוקה / אגף,8,band33july18,
divorce,גירושין,8,lexisband3,Their divorce was finalized.
divorced,גרוש,10,band22,"We use ""divorced"" in English."
do,לעשות,3,band22,I have a lot of work to do.
do (auxiliary),עושה (פועל עזר),10,band22,"We use ""do (auxiliary)"" in English."
"do a good/excellent, etc. job",לעשות עבודה טובה,8,lexisband3,You did an excellent job.
do so,"עושה, לשם הדגשה",7,band33july18,
do you mind,אכפת לך,6,band22,Do you mind closing the door?
doctor,רופא,3,band22,"We use ""doctor"" in English."
document,מסמך,10,"band22,band33july18","We use ""document"" in English."
dog,כלב,1,band22,My dog loves to play fetch.
dollar,דולר,10,band22,"We use ""dollar"" in English."
dolphin,דולפין,10,band22,We saw dolphins at the beach.
domain,תחום,7,band33july18,
domestic,"מקומי, פנים מדינה",8,"lexisband3,band33july18",This is a domestic flight.
dominant,דומיננטי / שולט,8,band33july18,v
dominate,לשלוט,8,band33july18,v
domination,שליטה,9,band33july18,v
Don't ask me!,אל תשאל אותי!,8,lexisband3,"Don't ask me, I have no idea!"
Don't ask!,אל תשאל!,8,lexisband3,How was the exam? Don't ask!
don't bother,לא כדאי / אל תטריח,5,band22,"Don't bother cooking, we'll order pizza."
done,"גמור, מוכן",8,lexisband3,Is dinner done yet?
donkey,חמור,10,band22,The donkey carried the heavy load.
door,דלת,1,band22,Close the door behind you.
dot,נקודה,10,band22,"We use ""dot"" in English."
double,כפול,10,"band22,band33july18",I ordered a double espresso.
doubt,ספק,10,band22,I have no doubt about it.
down,למטה,10,band22,"We use ""down"" in English."
download,להוריד (קובץ),10,band22,"We use ""download"" in English."
downstairs,קומה למטה,10,band22,"We use ""downstairs"" in English."
dozen,תריסר,10,"band22,band33july18","We use ""dozen"" in English."
draft,טיוטה,8,"lexisband3,band33july18",This is just a rough draft.
drama,דרמה,10,band22,We're studying drama at school.
dramatic,דרמטי,6,band22,"We use ""dramatic"" in English."
draw,לצייר,10,band22,I like to draw pictures.
drawer,מגירה,10,band22,"We use ""drawer"" in English."
drawing,ציור,8,band33july18,
dreadful,"נורא, איום",8,lexisband3,The weather was dreadful.
dream,חלום,10,band22,I had a strange dream last night.
dress,שמלה / להתלבש,10,band22,She wore a beautiful dress.
dressed,לבוש,10,band22,"We use ""dressed"" in English."
drink,לשתות,3,band22,What would you like to drink?
drive,לנהוג,3,band22,My father drives me to school.
driver,נהג,7,band33july18,
drop,להפיל / טיפה,5,band22,Don't drop the eggs!
drug,תרופה / סם,6,band33july18,
drunk,שיכור,8,lexisband3,He was arrested for drunk driving.
Druz,דרוזי,4,band22,"We use ""Druz"" in English."
Druze,דרוזי,4,band22,"We use ""Druze"" in English."
dual,כפול / דואלי,6,band33july18,
due to,בגלל / עקב,6,band22,The game was canceled due to rain.
during,במהלך / בזמן,5,band22,I fell asleep during the movie.
during/in/over the course of,במהלך,7,band33july18,
duty,חובה / תפקיד,6,band33july18,
dynamic(s),דינמיקה,9,band33july18,
e.g,לדוגמה,6,band33july18,
each,כל אחד,5,scrap,Each student has their own desk.
each other,אחד את השני,5,band22,They love each other.
ear,אוזן,3,band22,I can't hear with this ear.
early,מוקדם,3,band22,It's too early to go.
earn,להרוויח,6,band33july18,
earth,אדמה / כדור הארץ,5,band22,The earth is round.
earthquake,רעידת אדמה,8,lexisband3,The earthquake measured 6.5.
easily,בקלות,7,band33july18,
east,מזרח,5,band22,The sun rises in the east.
Easter,חג הפסחא,7,band33july18,
eastern,מזרחי,8,band33july18,
easy,קל,3,band22,This test is easy.
eat,לאכול,3,band22,Let's eat dinner together.
economic,כלכלי,8,band33july18,adv
economical,חסכוני,8,lexisband3,This car is very economical.
economically,מבחינה כלכלית,9,band33july18,adv
economics,כלכלה,8,band33july18,adv
economy,כלכלה,8,band33july18,adv
edge,קצה / יתרון,6,band33july18,
edit,לערוך,6,band33july18,n
editor,עורך,8,"lexisband3,band33july18",She's the editor of the magazine.
educate,לחנך,8,"lexisband3,band33july18",We need to educate people about health.
education,חינוך / השכלה,6,band22,Education is very important.
educational,חינוכי,9,band33july18,adj
effect,השפעה / תוצאה,7,band22,The medicine had no effect.
effective,יעיל,8,band33july18,
efficiency,יעילות,9,band33july18,adv
efficient,יעיל,8,"lexisband3,band33july18",We need a more efficient system.
efficiently,ביעילות,9,band33july18,adv
egg,ביצה,1,"band22,band33july18",Boil the egg for 10 minutes.
either,או / גם (בשלילה),7,scrap,You can choose either one.
either way,כך או כך,8,lexisband3,"Either way, we'll have to pay."
either...or,או... או,5,band22,It's either yes or no.
elbow,מרפק,8,lexisband3,He hurt his elbow playing tennis.
elderly,"קשיש, מבוגר",8,lexisband3,Services for elderly people.
elect,לבחור,7,band33july18,n
election,בחירות,8,band33july18,n
electric,חשמלי,5,band22,This is an electric car.
electronic,אלקטרוני,9,band33july18,
element,"יסוד, מרכיב",8,"lexisband3,band33july18",Water contains two elements: hydrogen and oxygen.
elementary,יסודי,9,band33july18,
eliminate,לחסל,8,band33july18,n
elimination,חיסול,9,band33july18,n
else,אחר / עוד,5,band22,What else can I do?
elsewhere,במקום אחר,8,band33july18,
emerge,"לצוץ, להופיע",8,"lexisband3,band33july18",New evidence has emerged.
emergence,הופעה,8,band33july18,n
emergency,חירום,8,band33july18,
emerging,מתעורר / מתפתח,8,band33july18,n
emotion,רגש,8,"lexisband3,band33july18",She showed no emotion.
emotional,רגשי,8,band33july18,adj
emphasis,"דגש, הדגשה",8,"lexisband3,band33july18",The emphasis is on quality.
emphasize,להדגיש,8,band33july18,n
employ,להעסיק,7,band33july18,n
employee,עובד,8,band33july18,n
employer,מעסיק,8,band33july18,n
employment,תעסוקה,9,band33july18,n
empty,ריק,4,band22,The room is empty.
enable,לאפשר,7,band33july18,
encounter,להיתקל / מפגש,8,band33july18,
encourage,לעודד,6,band22,My teacher encourages me to try harder.
end,סוף,3,"band22,band33july18",This is the end of the story.
end up,בסופו של דבר,7,band33july18,She studied medicine but ended up being a teacher.
enemy,אויב,7,band33july18,
energy,אנרגיה / כוח,6,band22,I have no energy today.
engage,למשוך / להתקשר,7,band33july18,n
engagement,אירוסין,8,"lexisband3,band33july18",They announced their engagement.
engine,מנוע,6,band22,The car engine is broken.
engineer,מהנדס,8,band33july18,n
engineering,הנדסה,9,band33july18,n
enhance,לשפר / להגביר,8,band33july18,
enjoyable,מהנה,8,lexisband3,We had a very enjoyable evening.
enormous,עצום / ענק,7,band22,That's an enormous elephant!
enquiry),חקירה,8,band33july18,n
ensure,להבטיח,7,band33july18,
enter,להזין מידע,8,lexisband3,Enter your password here.
enterprise,מיזם,9,band33july18,
entire,שלם / כולו,7,band33july18,adv
entirely,לחלוטין,8,band33july18,adv
entitled,זכאי / מוסמך,8,band33july18,You are entitled to a promotion.
entrance,כניסה,8,band33july18,
entry,כניסה / רישום,7,band33july18,
environment,סביבה / איכות הסביבה,7,band22,We must protect the environment.
environmental,סביבתי,9,band33july18,
episode,פרק,8,lexisband3,Did you watch the last episode?
equal,שווה,6,band22,All people are equal.
equality,שוויון,8,band33july18,n
equally,באופן שווה,8,band33july18,n
equip,לצייד,7,band33july18,n
equipment,ציוד,8,band33july18,n
equivalent,שווה ערך,9,band33july18,
era,עידן / תקופה,6,band33july18,
error,שגיאה,7,band33july18,
escape,בריחה,8,"lexisband3,band33july18",There's no escape from reality.
especially,במיוחד,6,band22,"I love all fruits, especially apples."
essay,"חיבור, מסה",8,lexisband3,Write an essay about your summer.
essential,חיוני,8,band33july18,adv
essentially,"בעיקרו, למעשה",8,"lexisband3,band33july18",They're essentially the same thing.
establish,להקים,8,band33july18,adj
established,מבוסס / מוקם,9,band33july18,adj
establishment,הקמה / מוסד,9,band33july18,adj
estimate,להעריך / הערכה,8,band33july18,n
estimation,הערכה,9,band33july18,n
etc.,וכו',6,band33july18,
ethical,אתי,8,band33july18,
ethnic,אתני,7,band33july18,
European,אירופאי,8,band33july18,
evaluate,להעריך,8,band33july18,n
evaluation,הערכה,9,band33july18,n
even,אפילו / זוגי,5,"band22,band33july18",Even I can do it.
even harder,אפילו יותר קשה,6,band22,"We use ""even harder"" in English."
even if,אפילו אם / גם אם,6,band22,"We use ""even if"" in English."
even so,למרות זאת,7,band33july18,
even though,למרות ש / אף על פי ש,6,band22,"We use ""even though"" in English."
evening,ערב,3,band22,Good evening!
event,אירוע,8,"lexisband3,band33july18",The wedding was a big event.
eventually,בסופו של דבר,9,band33july18,
ever,אי פעם / תמיד,5,band22,Have you ever been to London?
ever since,מאז,6,band22,"Ever since that day, we've been friends."
every,כל,3,band22,"We use ""every"" in English."
everywhere,בכל מקום,9,band33july18,
evidence,עדות / ראיה,8,band33july18,
evident,ברור / גלוי,8,band33july18,adv
evidently,כנראה,8,band33july18,adv
evolution,התפתחות / אבולוציה,8,band33july18,n
evolve,להתפתח,7,band33july18,n
exact,מדויק,6,band22,What's the exact time?
exactly,בדיוק,5,band22,That's exactly what I meant.
examination,בחינה / בדיקה,5,band22,We have an examination tomorrow.
exceed,לעבור / לחרוג,7,band33july18,adj
excellent,מצוין / מעולה,5,band22,Your work is excellent!
except,חוץ מ / מלבד,6,"band22,band33july18",Everyone came except Mary.
except for,חוץ מ...,6,scrap,Everyone came except for Tom.
except that,חוץ מזה ש-,8,lexisband3,I'd come except that I'm busy.
except that/for,למעט,7,band33july18,
exception,חריג,8,lexisband3,We'll make an exception this time.
excessive,מוגזם,8,band33july18,adj
exchange,להחליף,8,"lexisband3,band33july18",Can I exchange this shirt?
exciting,מרגש,5,band22,What an exciting game!
exclude,לא לכלול,8,band33july18,n
exclusion,אי הכללה,8,band33july18,n
exclusive,בלעדי,8,band33july18,adv
exclusively,באופן בלעדי,9,band33july18,adv
executive,מנהל / ביצועי,8,band33july18,
exercise,לממש / להפעיל,8,band33july18,
exhibit,להציג,8,band33july18,n
exhibition,תערוכה,9,band33july18,n
exist,להתקיים,8,"lexisband3,band33july18",Do ghosts really exist?
existence,קיום,8,band33july18,adj
existing,קיים,8,band33july18,adj
exit,יציאה / לצאת,6,band33july18,
expand,להרחיב,7,band33july18,n
expansion,הרחבה,8,band33july18,n
expect,לצפות / לקוות,6,band22,I expect you to be on time.
expectation(s),ציפיות,9,band33july18,
expected,צפוי,8,lexisband3,The expected arrival time is 5 PM.
expedition,משלחת,8,lexisband3,They went on an expedition to Antarctica.
expense,"הוצאה, עלות",8,lexisband3,Travel is a major expense.
expense(s),הוצאות,9,band33july18,adj
expensive,יקר,8,band33july18,adj
experience,נסיון / חוויה,6,"band22,band33july18",I had an amazing experience.
experiment,"ניסוי, להתנסות",8,"lexisband3,band33july18",We did a science experiment in class.
expert,מומחה,6,"band22,band33july18",He's an expert in computers.
expertise,מומחיות,8,band33july18,n
explain,להסביר,5,band22,Can you explain this problem to me?
explanation,הסבר,6,band22,I need an explanation.
explicit,מפורש,8,band33july18,adv
explicitly,במפורש,9,band33july18,adv
explode,להתפוצץ,8,lexisband3,The bomb could explode at any moment.
exploit,לנצל,8,band33july18,n
exploitation,ניצול,9,band33july18,n
exploration,חקירה,9,band33july18,n
explore,לחקור,8,band33july18,n
export,יצוא / לייצא,7,band33july18,
expose,לחשוף,8,"lexisband3,band33july18",The scandal exposed corruption.
exposed,חשוף,8,band33july18,adj
express,לבטא / להביע,7,band22,It's important to express your feelings.
expression,ביטוי,9,band33july18,An idiomatic expression. She had a sad expression on her face.
extend,"להאריך, להרחיב",8,"lexisband3,band33july18",They decided to extend the deadline.
extended,מורחב,8,band33july18,adj
extension,הארכה / שלוחה,8,band33july18,adj
extent,"מידה, היקף",8,"lexisband3,band33july18",To what extent do you agree?
external,חיצוני,8,"lexisband3,band33july18",External factors affected the result.
extraordinary,יוצא דופן,8,lexisband3,She has extraordinary talent.
extreme,קיצוני,8,lexisband3,He has extreme views on politics.
extremely,במידה רבה / ביותר,7,band22,I'm extremely happy.
eye,עין,1,band22,She has beautiful blue eyes.
face,פנים,1,"band22,band33july18",Wash your face every morning.
facilitate,להקל / לאפשר,9,band33july18,
facilities,מתקנים,8,lexisband3,The hotel has excellent facilities.
facility,מתקן,8,band33july18,
fact,עובדה,6,band33july18,
factor,גורם,7,band33july18,
factory,מפעל,8,band33july18,
fade,"לדעוך, להתפוגג",8,lexisband3,The colors will fade in the sun.
fail,להיכשל / לכשול,6,band22,Don't worry if you fail the first time.
fail to do sth,להיכשל לעשות משהו,7,band33july18,I failed to complete the assignment on time. He failed to turn up.
failure,כישלון,8,band33july18,
fairly,"למדי, די",8,"lexisband3,band33july18",The test was fairly easy.
faith,אמונה,8,"lexisband3,band33july18",She has faith in her abilities.
faithful,נאמן,8,band33july18,adj
faithfully,בנאמנות,9,band33july18,adj
fall,סתיו / ליפול,3,band22,Be careful not to fall.
fall (= autumn),סתיו,7,band33july18,
false,שקר / לא נכון,6,band22,The statement is false.
fame,תהילה,8,lexisband3,He achieved fame as a singer.
familiar,מוכר,8,band33july18,
family,משפחה,1,band22,I love my family very much.
famous,מפורסם,5,band22,He's a famous actor.
fan,מעריץ / מאוורר,6,band33july18,She's a great fan of classical music.
farm,חווה,6,band33july18,n
farmer,חקלאי,7,band33july18,n
fashion,אופנה,8,band33july18,adj
fashionable,אופנתי,9,band33july18,adj
fast,מהיר,3,band22,He runs very fast.
fat,שמן / שומן,4,band22,The cat is getting fat.
father,אבא,1,band22,My father is a doctor.
fault,אשמה,8,lexisband3,It's not your fault.
favor,טובה / להעדיף,7,band33july18,adj
favorable,חיובי / נוח,8,band33july18,adj
fear,פחד / לפחד,6,band22,He has a fear of heights.
feature,"מאפיין, תכונה",8,"lexisband3,band33july18",This phone has many useful features.
federal,פדרלי,8,lexisband3,The federal government passed a new law.
fee,"אגרה, תשלום",8,"lexisband3,band33july18",There's a small fee for parking.
feed,להאכיל,5,band22,Don't forget to feed the cat.
feel,להרגיש,6,band33july18,n
feel like,בא לי / מרגיש כמו,5,band22,I feel like eating pizza.
feeling,תחושה,8,band33july18,n
female,"נקבה, נשי",8,"lexisband3,band33july18",The female students outnumber the males.
feminine,נשי,8,band33july18,adj
fence,גדר,8,lexisband3,We built a fence around the garden.
festival,פסטיבל / חג,5,band22,There's a music festival this weekend.
few,מעט / כמה,4,band22,I have a few questions.
fiction,בדיון,8,lexisband3,She writes science fiction novels.
field,שדה / תחום,6,band22,The children are playing in the field.
fifth,חמישי / חמישית,5,band22,She finished in fifth place in the race.
fight,לריב / לחימה,5,band22,They had a fight.
figure,"דמות, איש חשוב",8,"lexisband3,band33july18",He's an important figure in politics.
figure out sth/sb,"דמות, איש חשוב",7,band33july18,
figure sth/sb out,"דמות, איש חשוב",7,band33july18,
file,קובץ / תיק,6,"band22,band33july18",Save the file on your computer.
fill,למלא,5,band22,Fill the glass with water.
fill in,למלא (טופס),6,band22,Fill in the blank spaces.
fill out,למלא (טופס),6,band22,Please fill out this form.
final,סופי / אחרון,6,band22,This is the final warning.
finally,סוף סוף / לבסוף,5,band22,We finally arrived.
finance,"מימון, כספים",8,"lexisband3,band33july18",We need to discuss the project's finance.
financial,פיננסי / כספי,8,band33july18,n
find,למצוא,3,band22,I can't find my keys.
findings,ממצאים,8,band33july18,
finger,אצבע,4,band22,I cut my finger.
finish,לסיים,3,band22,Did you finish your homework?
fire,לפטר,6,band33july18,
firm,חברה / איתן,6,band33july18,
first of all,קודם כל / ראשית,5,band22,"First of all, let me introduce myself."
fish,דג,1,band22,Fish is healthy food.
fit,להתאים / כושר,6,"band22,band33july18",We keep fit by having regular exercise. We don't think you are fit for the job.
fix,לתקן,5,band22,Can you fix my bicycle?
flame,להבה,8,lexisband3,The flame burned brightly.
flat,שטוח / דירה,6,band22,The land is completely flat.
flesh,"בשר, עור",8,lexisband3,The thorn cut into his flesh.
flexibility,גמישות,9,band33july18,n
flexible,גמיש,8,band33july18,n
flight,טיסה,7,band33july18,The flight to New York is late.
float,לצוף,8,lexisband3,The boat floated on the water.
floor,רצפה / קומה,5,band22,Don't sit on the floor.
flow,"זרימה, לזרום",8,"lexisband3,band33july18",Traffic flow is slow today.
flower,פרח,3,band22,This flower smells nice.
fly,לעוף,3,band22,Birds can fly in the sky.
focus,מוקד / להתמקד,7,band33july18,
fold,לקפל,8,lexisband3,Please fold the towels.
folk,עממי / אנשים,6,band33july18,Folk music. They are nice folk.
follow,לעקוב / לבוא אחרי,5,band22,"Follow me, I know the way."
following,"הבא, הבאים",8,lexisband3,Answer the following questions.
fond of,אוהב,7,band33july18,
food,אוכל,1,band22,This restaurant serves delicious food.
foot,כף רגל,3,band22,My foot hurts.
for good,לתמיד,8,band33july18,
for instance,לדוגמה / למשל,7,band22,"Many animals, for instance dogs and cats, are pets."
for life,לכל החיים,8,band33july18,
for long,לאורך זמן,8,band33july18,
for some time,במשך זמן מה,8,band33july18,
for the moment,לעת עתה,8,band33july18,
for the sake of,למען,8,band33july18,
forbid,לאסור,8,lexisband3,Smoking is strictly forbidden here.
force,לכפות / כוח,7,band22,You can't force me to go.
forecast,תחזית,8,lexisband3,What's the weather forecast?
foreign,זר / חוץ,6,band22,He speaks a foreign language.
forest,יער,5,"band22,band33july18",Many animals live in the forest.
forever,לנצח / לעד,6,band22,I will love you forever.
forgive,לסלוח / למחול,7,band22,Please forgive me for being late.
form,טופס / צורה / ליצור,6,band22,Fill out this form.
formal,פורמלי,7,band33july18,adv
formality,פורמליות,8,band33july18,
formally,באופן רשמי,8,band33july18,adv
format,פורמט / מבנה,7,band33july18,
former,"לשעבר, קודם",8,"lexisband3,band33july18",She is a former president of the company. The former / the latter.
formula,נוסחה,8,band33july18,n
formulate,לנסח,8,band33july18,n
fortunately,למזלנו / למרבה המזל,7,band22,"Fortunately, no one was hurt."
forum,פורום,7,band33july18,
forward,קדימה / вперед,6,band22,Take one step forward.
foundation,"יסוד, בסיס",8,lexisband3,Trust is the foundation of friendship.
four,ארבע,1,band22,"We use ""four"" in English."
fraction,שבר,8,band33july18,
frame,"מסגרת, למסגר",8,"lexisband3,band33july18",Put the photo in a frame.
framework,מסגרת / מתודולוגיה,8,band33july18,
France,צרפת,7,band33july18,n+adj
free,חופשי / חינם,4,"band22,band33july18",The concert is free.
free from,נקי מ,7,band33july18,
freedom,חופש,8,band33july18,n
freeze,"לקפוא, להקפיא",8,lexisband3,Water freezes at 0 degrees.
French,צרפתי / צרפתית,7,band33july18,n+adj
frequency,תדירות,8,band33july18,adv
frequent,תכוף,8,band33july18,adv
frequently,לעתים קרובות / תדיר,7,"band22,band33july18",I frequently visit my grandmother.
fresh,טרי / רענן,5,band22,I love fresh bread.
friend,חבר,1,band22,Sarah is my best friend.
frighten,להפחיד,8,lexisband3,Don't frighten the children.
frightening,מפחיד,6,band22,That was a frightening experience.
from,מ (מילת יחס),3,band22,"We use ""from"" in English."
from time to time,מדי פעם,7,band33july18,
fruit,פרי,4,band22,Fruit is good for your health.
fuel,דלק,8,"lexisband3,band33july18",The car is running out of fuel.
full-time,במשרה מלאה,7,band33july18,
fully,במלואו,7,band33july18,
fun,כיף,4,band22,We had so much fun!
function,"תפקוד, לתפקד",8,"lexisband3,band33july18",The system isn't functioning properly.
functional,פונקציונלי,9,band33july18,adj
fund,"קרן, כספים",8,"lexisband3,band33july18",They set up a fund to build a school. The rich man funded the institution.
fundamental,"בסיסי, יסודי",8,"lexisband3,band33july18",This is a fundamental principle.
fundamentally,במהותו,9,band33july18,adv
furniture,ריהוט / רהיטים,6,band22,They bought new furniture.
further,נוסף / יותר,8,band33july18,Further research is needed. We don't need to look further.
furthermore,יתר על כן,8,"lexisband3,band33july18","Furthermore, I don't agree with the plan."
future,עתיד,6,band22,Think about your future.
gain,רווח / להשיג,6,band33july18,
game,משחק,3,band22,Let's play a game.
gap,פער,8,lexisband3,There's a gap between rich and poor.
garbage,זבל / אשפה,5,band22,"We use ""garbage"" in English."
garden,גינה,3,band22,We grow tomatoes in our garden.
gas,גז,5,band22,The car needs gas.
gate,שער,6,band33july18,
gather,"לאסוף, להתאסף",8,lexisband3,We gathered information for the report.
gender,מגדר,8,"lexisband3,band33july18",Gender equality is important.
general,כללי / גנרל,6,band22,This is a general rule.
generally,בדרך כלל,8,band33july18,
generate,"לייצר, להפיק",8,"lexisband3,band33july18",Solar panels generate electricity.
generation,דור / יצירה,9,band33july18,
generous,נדיב,8,lexisband3,That was very generous of you.
gentle,עדין,8,"lexisband3,band33july18",She has a gentle voice.
gentleman,ג'נטלמן,8,band33july18,
genuine,"אמיתי, כן",8,lexisband3,Is this a genuine Picasso?
geographic,גיאוגרפי,9,band33july18,adj
geography,גיאוגרפיה,8,band33july18,adj
German,גרמני,7,band33july18,n
Germany,גרמניה,8,band33july18,n
get away,לברוח / להתרחק,6,band22,The thief got away.
get away with,לצאת ללא עונש,7,band33july18,He cheated and got away with it.
get back,לחזור / לקבל בחזרה,5,band22,What time will you get back?
get down,לרדת,5,scrap,"Get down from there, it's dangerous."
get into,להיכנס ל,7,band33july18,He got into University.
get it,להבין,7,band33july18,I just don't get it.
get off,לרדת (מאוטובוס),5,band22,Get off the bus at the next stop.
get on,לעלות (לאוטובוס),5,band22,Let's get on the train.
get on sb nerves,להרגיז מישהו,7,band33july18,
get on with,להסתדר עם,7,band33july18,She gets on well with her neighbors.
get out,לצאת,7,band33july18,Don't get out before I park the car.
get over,להתגבר על,7,band33july18,She couldn't get over her disappointment.
get rid of,להיפטר מ / להשתחרר מ,7,"band22,band33july18",I want to get rid of these old clothes.
get something down,להניח,6,scrap,I can't get this medicine down.
get through,לעבור / להצליח,7,band33july18,
get to,להגיע ל,7,band33july18,I'm worried where they got to they're very late.
get up,לקום / להתעורר,4,band22,I get up at 7 every morning.
girl,ילדה,1,band22,The girl is wearing a red dress.
give,לתת,3,band22,Give me your hand.
give back sth / give sth back,להחזיר משהו,7,band33july18,
give in,להגיש / לתת / להיכנע,6,"scrap,band33july18","I finally gave in to his persuasion, and agreed to do it."
give out,לחלק,6,scrap,The teacher will give out the papers.
give out sth / give sth out,לחלק משהו,7,band33july18,Please give out the books to the students.
give up,לוותר / להפסיק,6,band22,Never give up on your dreams.
glass,כוס / זכוכית,3,band22,Be careful with the glass.
global,"עולמי, גלובלי",8,"lexisband3,band33july18",Climate change is a global problem.
globalization,גלובליזציה,9,band33july18,adv
globally,בצורה גלובלית,8,band33july18,adv
go,ללכת,3,band22,Where do you want to go?
go ahead,קדימה / המשך,5,band22,"Go ahead, I'm listening."
go away,ללכת משם / להתרחק,5,band22,Go away and leave me alone.
go back,לחזור,5,band22,Let's go back home.
go down,לרדת,5,band22,The sun goes down in the evening.
go for it!,לך על זה!,7,band33july18,
go for sth,ללכת על משהו,7,band33july18,You should go for the auditions as you are good at singing.
go into,להיכנס לפרטים,7,band33july18,We'll go into details later.
go off,להתפוצץ / לעזוב,7,band33july18,"They stayed for a while, and then went off. The milk wasn't fresh and went off quickly."
go on strike,לצאת לשביתה,8,band22,The workers decided to go on strike.
go out,לצאת,4,band22,Let's go out for ice cream.
go over,לעבור על,7,band33july18,Please go over your work before you submit it.
go shopping,ללכת לקניות,5,band22,Mom goes shopping every Friday.
go through,לעבור,7,band33july18,
go up,לעלות,5,band22,The elevator goes up to the 10th floor.
goal,מטרה / שער,6,band33july18,
god,אלוהים,5,"band22,band33july18","We use ""god"" in English."
gold,זהב,6,band33july18,adj
golden,זהוב,7,band33july18,adj
good,טוב,1,band22,That's a good idea.
good for you!,כל הכבוד!,7,band33july18,
goods,"סחורה, מוצרים",8,"lexisband3,band33july18",They sell goods at low prices.
govern,לשלוט / לנהל,7,band33july18,
government,ממשלה,6,band22,The government makes the laws.
grab,"לתפוס, לחטוף",8,lexisband3,He grabbed my arm.
gradual,הדרגתי,8,lexisband3,There's been a gradual improvement.
grain,"גרגר, דגן",8,lexisband3,This bread is made from whole grain.
gram,גרם,5,scrap,Add 200 grams of flour.
grammar,דקדוק,6,band22,English grammar is difficult.
grant,"להעניק, מענק",8,"lexisband3,band33july18",She got a grant to go to University. I was granted an extension to finish my assignment.
graph,גרף / תרשים,6,"band22,band33july18",Draw a graph of the results.
grateful,אסיר תודה,8,lexisband3,I'm very grateful for your help.
grave,קבר,8,lexisband3,We visited my grandfather's grave.
gray,אפור,4,band22,He has gray hair.
greatly,במידה רבה,8,band33july18,
green,ירוק,1,band22,The grass is green.
ground,קרקע / אדמה,6,band22,The ball fell to the ground.
group,קבוצה / לקבץ,7,band33july18,
grow up,לגדול / להתבגר,5,"scrap,band33july18",I want to be a teacher when I grow up.
growth,צמיחה,7,band33july18,
guarantee,"ערבות, להבטיח",8,lexisband3,The product comes with a 2-year guarantee.
guard,"שומר, לשמור",8,"lexisband3,band33july18",Security guards patrol the building.
guess,לנחש / ניחוש,7,band33july18,
guest,אורח,7,band33july18,
guidance,הדרכה,8,band33july18,n
guide,מדריך / להדריך,7,band33july18,n
guidelines,הנחיות,9,band33july18,n
guilty,אשם,8,lexisband3,The jury found him guilty.
gun,רובה,6,band33july18,
guy,בחור / אדם,5,band22,That guy is really funny.
hair,שיער,3,band22,She has long brown hair.
hand,יד,1,"band22,band33july18",Wash your hands before eating.
hand out sth / hand sth out,מצד אחר/שני,7,band33july18,
hand over sth/sb / hand sth/sb over,מצד אחר/שני,7,band33july18,
handle,"לטפל ב, להתמודד",8,"lexisband3,band33july18",She can handle difficult situations.
hang,לתלות,8,lexisband3,Hang your coat on the hook.
hang on,לתלות,7,band33july18,Hang on it won't take long!
happy,שמח,1,band22,I'm very happy today.
hard,קשה,3,band22,This test is hard.
hardly,בקושי / כמעט לא,7,band22,I can hardly hear you.
hardship,"קושי, מצוקה",8,lexisband3,They endured many hardships.
hardware,חומרה,8,band33july18,
harm,"נזק, לפגוע",8,lexisband3,Smoking can harm your health.
harsh,"קשה, חמור",8,lexisband3,The punishment was too harsh.
harvest,"קציר, לקצור",8,lexisband3,Farmers harvest wheat in summer.
hat,כובע,1,band22,He's wearing a funny hat.
hate,לשנוא,5,band22,I hate getting up early.
head,ראש / להוביל,6,band33july18,She is the head of the company. He headed the investigation. We headed home.
headache,כאב ראש,5,band22,Take medicine for your headache.
heal,לרפא,8,lexisband3,Time heals all wounds.
health,בריאות,6,band22,Good health is important.
healthy,בריא,5,band22,Eat healthy food.
hearing,שמיעה / דיון,8,band33july18,My hearing is not too good.
heart,לב,5,band22,Exercise is good for your heart.
heat,חום / לחמם,6,band22,I can't stand this heat.
heaven,גן עדן / שמיים,7,band33july18,
heavy,כבד,5,band22,This box is heavy.
height,גובה,6,band22,"We use ""height"" in English."
helicopter,מסוק,6,scrap,The helicopter landed on the roof.
hell,גיהינום,6,band33july18,
hello,שלום,1,band22,"We use ""hello"" in English."
help,לעזור,3,band22,Thank you for your help.
hence,לפיכך,7,band33july18,
hero,גיבור,6,band33july18,n
heroine,גיבורה,8,band33july18,n
hers,שלה,4,band22,The red bike is hers.
hesitate,להסס,8,lexisband3,Don't hesitate to call me.
hide,להסתתר / להסתיר,5,band22,Let's play hide and seek.
hierarchy,היררכיה,9,band33july18,
highlight,"להדגיש, לסמן",8,"lexisband3,band33july18",That was the highlight of our trip! I highlighted the most important words in the text.
highly,מאוד / ברמה גבוהה,7,band33july18,
hill,גבעה,6,band33july18,
hire,"לשכור, להעסיק",8,"lexisband3,band33july18",We hired a car. The car was for hire.
historical,היסטורי,9,band33july18,adv
historically,מבחינה היסטורית,9,band33july18,adv
history,היסטוריה / תולדות,6,band22,History is my favorite subject.
hit,להכות / לפגוע,5,band22,Don't hit your sister.
hold,"להחזיק, לקיים",8,lexisband3,We'll hold a meeting next week.
hold back sth / hold sth back,"להחזיק, לקיים",7,band33july18,He held back his tears.
hold on,"להחזיק, לקיים",7,band33july18,hold on a minute I am not ready!
hold up sb/sth / hold sb/sth up,"להחזיק, לקיים",7,band33july18,
hole,חור,6,band33july18,
holiday,חופשה / חג,5,band22,We're going on holiday next week.
home,בית,1,band22,There's no place like home.
homemaker,עקר/ת בית,8,band33july18,Housewife or househusband
honest,ישר / כן,6,band22,He's an honest person.
hopeful,מלא תקווה,8,band33july18,adv
hopefully,בתקווה,8,band33july18,adv
horizontal,אופקי,9,band33july18,
horrible,נורא / איום,6,band22,What a horrible smell!
horse,סוס,6,band33july18,
hospital,בית חולים,5,band22,My sister was born in this hospital.
host,מארח / לארח,6,band33july18,
hot,חם,3,band22,It's hot today.
hotel,מלון,5,band22,We stayed in a nice hotel.
hour,שעה,3,band22,The movie lasts two hours.
house,בית,1,band22,They bought a new house.
housing,דיור,8,lexisband3,Housing prices are rising.
how,איך,3,band22,"We use ""how"" in English."
how come,איך זה,7,band33july18,
How/What about?,מה עם?,7,band33july18,
however,עם זאת / אולם,7,band22,"I'm tired, however I must continue."
huge,ענק / עצום,6,band22,That's a huge building!
human,אנושי / אדם,7,band33july18,n
human being,בן אנוש,7,band33july18,
humanities,מדעי הרוח,9,band33july18,
humanity,אנושות,8,"lexisband3,band33july18",These crimes are against humanity.
hungry,רעב,3,band22,I'm hungry.
hunt,לצוד,8,lexisband3,They went hunting for deer.
hurt,לפגוע / לכאוב,5,band22,My leg hurts.
husband,בעל / בן זוג,5,band22,Her husband is a teacher.
hypothesis,השערה / היפותזה,9,band33july18,
I don't mind,לא אכפת לי,6,band22,I don't mind if you open the window.
I suppose (so),אני מניח (כך),7,band33july18,
I took a course,עשיתי קורס,5,band22,I took a course in photography.
I'm afraid,אני חושש,7,band33july18,I'm afraid you're wrong
i.e.,קרי / היינו,6,band33july18,
I/you/he etc. had better do sth,עדיף ש... / מוטב ש...,7,band33july18,You'd better see a doctor.
ice,קרח,6,band33july18,
ice cream,גלידה,1,band22,I want vanilla ice cream.
ideal,"אידאלי, מושלם",8,"lexisband3,band33july18",This is the ideal solution.
idealism,אידיאליזם,8,band33july18,adv
idealist,אידיאליסט,8,band33july18,adv
ideally,באופן אידיאלי,8,band33july18,adv
identical,זהה,8,band33july18,
identification,זיהוי,9,band33july18,
identify,לזהות,7,band22,Can you identify this plant?
identity,זהות,7,band22,Show me your identity card.
if only,אם רק,7,band33july18,
if so,אם כך,7,band33july18,
if you like,אם תרצה,7,band33july18,
ignorance,בורות,8,band33july18,adj
ignorant,בור,8,band33july18,adj
ignore,להתעלם,8,"lexisband3,band33july18",He ignored my advice.
ill,חולה,5,band22,She's ill and can't come to school.
illegal,לא חוקי,8,"lexisband3,band33july18",It's illegal to park here.
illness,מחלה,8,band33july18,
illustrate,להמחיש,8,"lexisband3,band33july18",This example illustrates my point.
illustration,המחשה / איור,9,band33july18,n
image,"תדמית, דימוי",8,"lexisband3,band33july18",The company needs to improve its image.
imagery,דימויים,8,band33july18,
imagination,דמיון,8,"lexisband3,band33july18",Children have great imagination.
imagine,לדמיין / לתאר לעצמי,6,band22,Imagine a world without war.
immediate,מיידי,8,band33july18,
immediately,מיד,8,lexisband3,Please respond immediately.
immigrant,מהגר,8,"lexisband3,band33july18",Many immigrants came to America.
immigrate,להגר,8,band33july18,n
immigration,הגירה,9,band33july18,n
immoral,לא מוסרי,8,band33july18,
impact,השפעה,8,"lexisband3,band33july18",Technology has a huge impact on society.
implement,ליישם,8,band33july18,v
implementation,יישום,9,band33july18,v
implication,השלכה,9,band33july18,v
implicit,מרומז,8,band33july18,
imply,לרמוז,8,"lexisband3,band33july18",What are you trying to imply?
import,"יבוא, לייבא",8,"lexisband3,band33july18",They import goods from China.
importance,חשיבות,9,band33july18,
impose,"לכפות, להטיל",8,"lexisband3,band33july18",The judge imposed a heavy fine.
impress,להרשים,8,"lexisband3,band33july18",She impressed everyone with her speech.
impression,רושם,9,band33july18,adj
impressive,מרשים,9,band33july18,adj
improve,לשפר / להשתפר,6,band22,I want to improve my English.
improvement,שיפור,9,band33july18,
in a way,במידה מסוימת,8,band33july18,
in addition to,בנוסף ל,5,band22,"In addition to English, she speaks French."
in advance,מראש,8,band33july18,
in agreement,בהסכמה,8,band33july18,
in alphabetical order,בסדר אלפביתי,5,band22,"We use ""in alphabetical order"" in English."
in any case,בכל מקרה,5,band22,"In any case, I'll be there."
in case of sth,במקרה של,8,band33july18,
in charge of,אחראי על,6,band22,Who is in charge of this project?
in common,במשותף,5,band22,We have a lot in common.
in common with,במשותף עם / משותף ל,6,band22,"We use ""in common with"" in English."
in danger,בסכנה,5,band22,The animals are in danger.
in detail,בפירוט,8,band33july18,
in favor of,לטובת,8,band33july18,
in full,במלואו,8,band33july18,
in general,בכלל / באופן כללי,6,band22,"In general, I agree with you."
in itself,כשלעצמו,8,band33july18,The book wasn't interesting in itself but the illustrations were good.
in my opinion,לדעתי,7,band22,"In my opinion, we should wait."
in need of,זקוק ל,8,band33july18,
in order to,על מנת / בכדי,7,band22,Study hard in order to succeed.
in other words,במילים אחרות / כלומר,8,band22,"In other words, we failed."
in part,בחלקו,8,band33july18,
in particular,במיוחד / בפרט,7,band22,"I like all sports, in particular soccer."
in practice,בפועל,8,band33july18,In practice the rules have had a positive effect.
in public,בפומבי,8,band33july18,
in relation to,ביחס ל,8,band33july18,Buying a house is expensive in relation to income. We have questions in relation to your decision.
in return (for),בתמורה ל,8,band33july18,
in short,בקצרה,8,band33july18,
in spite of,למרות / אף על פי,8,band22,"In spite of the rain, we went out."
in sth terms/in terms of sth,במונחים של / מבחינת,8,band33july18,In political terms the move was a failure.
in that case,במקרה זה,8,band33july18,
in the first place,מלכתחילה,8,band33july18,Why didn't you say so in the first place.
in the form of sth,בצורה של,8,band33july18,
in the light of sth,לאור,8,band33july18,In light of the new information....
in the long run,בטווח הארוך,8,band33july18,
in the meantime,בינתיים,8,band33july18,
in this respect/in many respects,מבחינה זו / ממספר בחינות,8,band33july18,
in time,בזמן / בזמן הקרוב,7,band22,We arrived in time for dinner.
in touch with,בקשר עם,8,band22,Are you still in touch with your old friends?
in view of,לאור,8,band33july18,
in/by contrast,בניגוד,7,band33july18,
in/with regard to,ביחס ל,7,band33july18,
inaccurate,לא מדויק,9,band33july18,
inactive,לא פעיל,8,band33july18,
inadequate,לא מספק,9,band33july18,
incentive,תמריץ,8,band33july18,
inch,אינץ',8,lexisband3,The screen is 15 inches wide.
incident,"אירוע, תקרית",8,"lexisband3,band33july18",There was a minor incident at school.
incidentally,אגב,9,band33july18,adv
include,לכלול / לכלול בתוכו,6,band22,The price includes breakfast.
including,כולל,8,band33july18,
income,הכנסה,8,"lexisband3,band33july18",His annual income is high.
increase,להגדיל / לעלות,7,band22,There was an increase in prices.
increasingly,יותר ויותר,9,band33july18,
incredibly,באופן מדהים,8,lexisband3,She's incredibly talented.
indeed,אכן / באמת,7,band22,Thank you very much indeed.
independence,עצמאות,8,"lexisband3,band33july18",They fought for independence.
independent,עצמאי / בלתי תלוי,7,band22,He's an independent person.
index,מפתח / אינדקס,7,band33july18,
India,הודו,7,band33july18,n+adj
Indian,הודי,7,band33july18,n+adj
indicate,להצביע על,8,"lexisband3,band33july18",Studies indicate a link between diet and health.
indication,סימן / אינדיקציה,9,band33july18,n
indicator,מחוון,8,band33july18,n
indirect,עקיף,8,band33july18,
individual,יחיד / אישי,7,band22,Each person is an individual.
individually,באופן אינדיבידואלי,9,band33july18,
indoor,בתוך הבית,8,lexisband3,There's an indoor swimming pool.
industrial,תעשייתי,8,"lexisband3,band33july18",This is an industrial area.
industry,תעשייה,8,band33july18,adj
inevitable,בלתי נמנע,9,band33july18,adv
inevitably,בהכרח,9,band33july18,adv
infect,להדביק,8,lexisband3,The virus can infect humans.
infer,להסיק מסקנה,8,lexisband3,What can we infer from these results?
inferior,נחות,8,band33july18,
influence,"השפעה, להשפיע",8,"lexisband3,band33july18",Parents have great influence on children.
inform,"להודיע, ליידע",8,"lexisband3,band33july18",Please inform us of any changes.
informal,לא רשמי,8,band33july18,
information,מידע,5,band22,I need more information.
infrastructure,תשתית,9,band33july18,
inhabitant,תושב,8,lexisband3,The city has 5 million inhabitants.
inherent,מובנה / טבעי,9,band33july18,adv
inherently,מטבעו,9,band33july18,adv
initial,ראשוני,8,"lexisband3,band33july18",What's your initial reaction?
initially,בתחילה,8,band33july18,adv
initiative,יוזמה,8,"lexisband3,band33july18",She took the initiative to help.
injure,לפצוע,8,lexisband3,He injured his knee playing football.
injured,פצוע,8,band33july18,adj
injury,פציעה,7,band33july18,adj
innocent,חף מפשע,8,lexisband3,The defendant is innocent.
innovation,חדשנות,9,band33july18,
input,"קלט, תרומה",8,"lexisband3,band33july18",We need your input on this project.
inquire,"לשאול, לברר",8,"lexisband3,band33july18",I called to inquire about the job.
inquiry (enquire,חקירה,7,band33july18,n
insert,להכניס,8,lexisband3,Insert the key into the lock.
insight,תובנה,8,band33july18,
insist,להתעקש,8,"lexisband3,band33july18",He insisted on paying the bill.
inspect,"לבדוק, לבחון",8,lexisband3,An expert will inspect the building.
inspire,להוות השראה,8,lexisband3,Her courage inspires others.
instance,"דוגמה, מקרה",8,lexisband3,There have been several instances of theft.
instant,"רגע, מיידי",8,"lexisband3,band33july18",The response was instant.
instantly,מיד,8,band33july18,adv
instead of,במקום / בשביל,6,band22,Let's walk instead of taking the bus.
institute,מכון,8,band33july18,n
institution,מוסד,8,"lexisband3,band33july18",Education is an important institution.
instruction,הוראה,8,"lexisband3,band33july18",Follow the instructions carefully.
instrument,"כלי, מכשיר",8,"lexisband3,band33july18",The piano is a musical instrument.
insult,"עלבון, לעלוב",8,lexisband3,That was a terrible insult.
insurance,ביטוח,8,band33july18,v
insure,לבטח,7,band33july18,v
integrate,לשלב,8,band33july18,n
integration,שילוב,9,band33july18,n
integrity,יושרה,9,band33july18,
intellectual,אינטלקטואל,9,band33july18,
intelligence,אינטליגנציה,9,band33july18,(military)
intelligent,אינטליגנטי / חכם,6,band22,She is a very intelligent girl.
intend,להתכוון,7,band33july18,n
intense,"עז, חזק",8,"lexisband3,band33july18",The heat was intense.
intensive,אינטנסיבי,8,band33july18,adj
intention,כוונה,8,"lexisband3,band33july18",I had no intention of hurting you.
interact,לקיים אינטראקציה,8,"lexisband3,band33july18",Students interact with the teacher.
interaction,אינטראקציה,9,band33july18,n
interactive,אינטראקטיבי,9,band33july18,n
interest,עניין / ריבית,8,band33july18,This topic raises a lot of interest. I invested the money in order to earn interest.
internal,פנימי,8,"lexisband3,band33july18",This is an internal matter.
international,בינלאומי,6,band22,This is an international school.
interpret,לפרש,8,band33july18,n
interpretation,פרשנות,9,band33july18,n
interrupt,"להפריע, לקטוע",8,lexisband3,"Sorry to interrupt, but..."
interval,"הפסקה, מרווח",8,lexisband3,There's a 15-minute interval.
intervention,התערבות,9,band33july18,
interview,ראיון,6,band22,I have a job interview tomorrow.
introduce,להציג / להכיר,6,"band22,band33july18",Let me introduce you to my friend.
introduction,הצגה / מבוא,9,band33july18,n
invent,להמציא,7,band22,Who invented the telephone?
invention,המצאה,8,band33july18,
invest,להשקיע,7,band33july18,n
investigate,לחקור,8,"lexisband3,band33july18",Police are investigating the crime.
investigation,חקירה,9,band33july18,n
investment,השקעה,8,"lexisband3,band33july18",Property is a good investment.
invisible,בלתי נראה,8,"lexisband3,band33july18",Germs are invisible to the naked eye.
invitation,הזמנה,5,band22,Thanks for the invitation.
involve,לכלול,8,lexisband3,The project involves three teams.
involved with,מעורב ב / קשור ל,7,band22,He's involved with many projects.
involvement,מעורבות,9,band33july18,
iron,ברזל,6,band33july18,This tool is made of iron.
irresponsible,לא אחראי,9,band33july18,
Islam,איסלאם,7,band33july18,
island,אי,5,band22,Hawaii is made of many islands.
issue,נושא / בעיה / הוצאה,7,band22,Climate change is an important issue.
it depends,זה תלוי,6,band22,Will you come? It depends.
it makes no difference,זה לא משנה,6,band22,It makes no difference to me.
it would appear (that),נראה כי,7,band33july18,
it's a good thing,טוב ש,7,band33july18,
item,פריט / מוצר,6,band22,This item is on sale.
jail,"כלא, לכלוא",8,lexisband3,He was sent to jail for theft.
Japan,יפן,7,band33july18,adj+n
Japanese,יפני,8,band33july18,adj+n
Jew,יהודי,4,band22,He is a Jew.
Jewish,יהודי,4,band22,They celebrate Jewish holidays.
job,עבודה / תפקיד,5,scrap,My dad has a new job.
join,להצטרף / להתחבר,6,band22,Would you like to join our club?
joint,משותף / מפרק,7,band33july18,"We worked together, it was a joint project."
joke,בדיחה / צחוק,5,band22,He told a funny joke.
journal,כתב עת / יומן,8,band33july18,
journalism,עיתונאות,9,band33july18,n
journalist,עיתונאי,9,band33july18,n
journey,מסע,8,lexisband3,Life is a journey.
Judaism,יהדות,8,band33july18,
judge,"שופט, לשפוט",8,"lexisband3,band33july18",Don't judge people by appearance.
judgment,שיקול דעת,8,"lexisband3,band33july18",Use your own judgment.
jump,קפיצה / לקפוץ,6,band33july18,
junior,"זוטר, צעיר",8,lexisband3,He's a junior member of staff.
jury,חבר מושבעים,8,lexisband3,The jury reached a verdict.
just,צודק / הוגן,6,band33july18,n
just about,כמעט,7,band33july18,
just as,ממש כמו,7,band33july18,Just as I was leaving.... Her painting was just as good as his.
justice,צדק,8,band33july18,n
justify,להצדיק,8,band33july18,
keep on doing sth,להמשיך לעשות משהו,7,band33july18,
keep up sth / keep sth up,לשמור על משהו,7,band33july18,
key,מפתח / מרכזי,5,"band22,band33july18",I lost my house key.
kill,להרוג,6,band33july18,
kind,סוג / נחמד,5,band22,She's a very kind person.
king,מלך,6,band33july18,n
kingdom,ממלכה,8,band33july18,n
kit,ערכה,6,band33july18,
kitchen,מטבח,6,band33july18,
knee,ברך,6,band33july18,
knife,סכין,4,band22,Cut the bread with a knife.
know,לדעת,3,band22,Do you know the answer?
knowledge,ידע,8,band33july18,
label,תווית / תגית,7,"band22,band33july18","We use ""label"" in English."
labor,"עבודה, עמל",8,"lexisband3,band33july18",Manual labor is hard work.
lack,חוסר / לחסר,6,band33july18,
lady,גברת,5,band22,That lady helped me find my way.
lamp,מנורה,3,band22,"Turn on the lamp, it's dark."
land,אדמה / יבשה / לנחות,6,"band22,band33july18",The plane will land soon.
landscape,נוף,8,band33july18,
language,שפה,3,"band22,band33july18",How many languages do you speak?
largely,במידה רבה,8,"lexisband3,band33july18",Success depends largely on effort.
last,להמשיך / לארוך,6,band33july18,
late,מאוחר,3,"band22,band33july18",The late Shimon Peres.
latter,האחרון (מבין שניים),8,"lexisband3,band33july18","Of the two options, I prefer the latter."
laugh,לצחוק,4,band22,The joke made everyone laugh.
laughter,צחוק,8,band33july18,
launch,"לשגר, להשיק",8,lexisband3,They will launch a new product.
law,חוק,6,band33july18,n
lawyer,עורך דין,7,band33july18,n
lay,להניח / לשכב,7,band22,Lay the baby down carefully.
lead,להוביל / לנהל,7,band22,The guide will lead us through the forest.
lead to,להוביל ל / לגרום ל,7,band22,This path leads to the beach.
leader,מנהיג / מוביל,6,band22,He's a natural leader.
leadership,מנהיגות,9,band33july18,
leaf,עלה,6,band33july18,The leaf on a tree.
leak,לדלוף,8,lexisband3,The pipe is leaking water.
lean,"רזה, שרירי",8,"lexisband3,band33july18",He has a lean physique.
learn,ללמוד,4,band22,I learn something new every day.
least,לפחות / הכי פחות,6,band22,He has the least money.
leave,לעזוב,4,band22,What time does the bus leave?
leg,רגל,6,band33july18,
legal,חוקי,8,"lexisband3,band33july18",Is this legal?
legally,מבחינה חוקית,8,band33july18,adv
leisure,פנאי,8,lexisband3,I enjoy reading in my leisure time.
lend,להלוות,8,lexisband3,Can you lend me some money?
length,אורך,7,band33july18,
lesson,שיעור,4,band22,Today's lesson is about plants.
let,לתת / לאפשר,5,band22,Let me help you.
let alone,שלא לדבר על,7,band33july18,He can't take care of his pet dog let alone a baby!
letter,מכתב / אות,4,band22,I received a letter from my friend.
level,רמה,7,band33july18,
liberate,לשחרר,8,lexisband3,The prisoners were liberated.
library,ספרייה,4,band22,You must be quiet in the library.
license,רישיון,8,lexisband3,You need a license to drive.
lie,שקר,8,lexisband3,Don't tell lies.
lift,טרמפ / להרים,6,band33july18,I need a lift to Jerusalem.
light,קל / אור,7,band33july18,
limit,גבול / מגבלה / להגביל,7,band22,There's a speed limit on this road.
limited to,מוגבל ל,7,band22,Entry is limited to 50 people.
line,קו / שורה / תור,5,band22,Draw a straight line.
line up (sb/sth) / line (sb/sth) up,להתייצב בשורה,7,band33july18,Please line up to get your certificates.
link,קישור / קשר / לקשר,7,band22,There's a link between smoking and cancer.
lips,שפתיים,6,band33july18,
list,רשימה / לרשום,6,band33july18,
listen,להקשיב,4,band22,Listen to the teacher carefully.
literally,"ממש, לממש",8,lexisband3,I'm literally dying of hunger!
literary,ספרותי,8,band33july18,adj
literature,ספרות,8,"lexisband3,band33july18",She studies English literature.
live,לגור / לחיות,4,band22,I live in a small house.
lively,מלא חיים,8,lexisband3,The party was very lively.
load,מטען / עומס / לטעון,7,band22,That's a heavy load to carry.
loads of,המון,8,lexisband3,We have loads of time.
local,מקומי,6,"band22,band33july18",Shop at local stores.
locate,למצוא מיקום,8,"lexisband3,band33july18",Can you locate the building on the map?
location,מיקום,8,band33july18,n
lock,למנוע / לנעול / מנעול,6,band22,Don't forget to lock the door.
logic,היגיון,8,"lexisband3,band33july18",There's no logic in his argument.
logical,הגיוני,8,band33july18,adj
long,ארוך,4,band22,It's a long journey.
long ago,לפני זמן רב / מזמן,6,band22,"Long ago, there were dinosaurs."
long before,הרבה לפני,6,band22,She left long before I arrived.
long term/in the long term,טווח ארוך / בטווח הארוך,7,band33july18,
long-term,לטווח ארוך,7,band33july18,
look,להסתכל,4,band22,Look at that beautiful bird!
look after,לטפל ב / לשמור על,6,band22,I look after my little sister.
look down on sb,להסתכל מלמעלה על,7,band33july18,
look for,לחפש,5,band22,I'm looking for my glasses.
look forward to,לצפות ל / להמתין ל,7,band22,I look forward to seeing you.
look like,להיראות כמו,5,band22,You look like your mother.
look out for sb/sth,לחפש משהו,7,band33july18,
Look out!,שים לב!,7,band33july18,
look up,לחפש (במילון) / להסתכל למעלה,6,band22,Look up the word in the dictionary.
look(s),מראה,8,band33july18,
loose,רופף,8,lexisband3,This screw is loose.
lose,להפסיד / לאבד,5,band22,I don't want to lose this game.
loss,"אובדן, הפסד",8,"lexisband3,band33july18",The company reported a loss.
lots of,הרבה,8,lexisband3,We saw lots of animals at the zoo.
loud,רועש / חזק,5,band22,The music is too loud.
lovely,מקסים,7,band33july18,
low,נמוך,5,band22,The table is very low.
lower,להוריד,7,band33july18,
luckily,למזלו,8,band33july18,
lucky,בר מזל / מזלי,5,band22,You're lucky to have such friends.
lunch,ארוחת צהריים,4,band22,I pack my lunch every day.
luxury,"מותרות, יוקרה",8,lexisband3,They live in luxury.
machine,מכונה,6,band22,This machine makes coffee.
mad,כועס / משוגע,5,band22,Are you mad at me?
madam,גברתי,7,band33july18,
made up of,מורכב מ,7,band33july18,
magazine,מגזין / כתב עת,6,band22,I read a science magazine.
mail,דואר / לשלוח בדואר,6,band22,I need to mail this letter.
main,ראשי / עיקרי,6,band22,What's the main idea?
mainly,בעיקר / בעיקרו,7,band22,The class is mainly boys.
maintain,לתחזק,8,"lexisband3,band33july18",It's important to maintain your car.
maintenance,תחזוקה,9,band33july18,n
major,"ראשי, עיקרי",8,"lexisband3,band33july18",This is a major problem.
majority,רוב,8,band33july18,n
make,להכין,4,band22,Let's make a cake.
make a (big) difference,לעשות הבדל (גדול),7,band33july18,
make a difference,לעשות הבדל,6,band22,One person can make a difference.
make an effort,להתאמץ / לעשות מאמץ,6,band22,You need to make an effort to study.
make no difference,לא לעשות הבדל,7,band33july18,
make out sth / make sth out,להבין משהו,7,band33july18,Could you make out his meaning?
make sure,לוודא / לדאוג,7,band22,Make sure you lock the door.
make up,איפור / להמציא,7,band33july18,She made up her face with new make-up
Make up one's / your mind,להחליט,7,band33july18,
make up one's mind / make your mind up,להחליט,7,band33july18,
make up sth / make sth up,להמציא משהו,7,band33july18,I made up a story
make use of,לעשות שימוש ב,7,band33july18,
make-up,איפור,7,band33july18,She made up her face with new make-up
male,"זכר, גברי",8,"lexisband3,band33july18",The male students are in the minority.
man,איש,1,band22,The man is reading a newspaper.
manage,לנהל,7,band33july18,n
manage to,להצליח / לנהל,7,band22,I managed to finish on time.
management,ניהול,9,band33july18,n
manager,מנהל,8,band33july18,n
manner,"צורה, אופן",8,"lexisband3,band33july18",She spoke in a polite manner.
manners,נימוסים,8,band33july18,
manufacture,ייצור,9,band33july18,
manufacturer,יצרן,8,lexisband3,This manufacturer makes quality products.
many,הרבה,4,band22,"We use ""many"" in English."
map,מפה,4,band22,Use a map to find your way.
market,שוק,5,"band22,band33july18",The market is crowded on Fridays.
marketing,שיווק,8,band33july18,n
marriage,נישואין,8,"lexisband3,band33july18",Their marriage lasted 50 years.
married,נשוי,8,band33july18,adj
marry,להתחתן / להינשא,6,band22,They will marry next year.
masculine,גברי,8,band33july18,adj
mass,"המון, מסה",8,"lexisband3,band33july18",A mass of people gathered.
massive,"ענק, מסיבי",8,"lexisband3,band33july18",There was a massive earthquake.
master,אדון / לשלוט,7,band33july18,
match,להתאים / גפרור / משחק,6,band22,Be careful with matches.
mate,חבר,8,lexisband3,He went out with his mates.
material,חומר / בד,7,band22,What material is this made of?
math,מתמטיקה,5,band22,Math is my favorite subject.
maths,מתמטיקה,5,band22,I'm good at maths.
mature,"בוגר, בשל",8,lexisband3,She's very mature for her age.
maximum,מקסימום / מירבי,7,band22,The maximum speed is 50.
may,אולי / עשוי / רשאי,6,band22,You may go now.
meal,ארוחה,5,band22,Enjoy your meal!
mean,ממוצע / מרושע,6,band33july18,A statistical mean; the mean result. He's really mean I don't like him.
meantime,בינתיים,8,lexisband3,"Meantime, we should wait."
measure,למדוד / מדידה,8,band33july18,n
measurement,מדידה,9,band33july18,n
meat,בשר,5,band22,Some people don't eat meat.
mechanism,מנגנון,8,band33july18,
medal,מדליה,8,lexisband3,She won a gold medal.
media,תקשורת,8,"lexisband3,band33july18",The media reported the story.
medical,רפואי,8,"lexisband3,band33july18",He needs medical attention.
medicine,רפואה / תרופה,8,band33july18,n
medium,בינוני,8,lexisband3,What size do you want? Medium.
meet,לפגוש,4,band22,Let's meet at the park.
melt,להימס,8,lexisband3,The ice is melting.
member,חבר / איבר,6,band22,He is a member of the basketball team.
membership,חברות,9,band33july18,
mental,נפשי / מנטלי,7,band33july18,adv
mentally,מבחינה נפשית,8,band33july18,adv
mention,להזכיר / לציין,7,band22,Don't mention this to anyone.
mere,רק / גרידא,6,band33july18,adj
merely,"רק, בסך הכל",8,"lexisband3,band33july18",I merely suggested an idea.
mess,בלגן,8,lexisband3,Your room is a mess!
metal,מתכת,8,"lexisband3,band33july18",This box is made of metal.
method,שיטה,7,band33july18,
middle / in the middle,אמצע / באמצע,5,scrap,Put the vase in the middle of the table.
might,עשוי / אולי / יכול,7,band22,It might rain later.
mild,"עדין, מתון",8,lexisband3,The weather is mild today.
mile,מייל,6,band33july18,
military,צבאי,8,"lexisband3,band33july18",He has a military background.
milk,חלב,1,band22,Drink your milk.
million,מיליון,6,band22,"We use ""million"" in English."
mind,לחשוב / מוח / להפריע,6,band22,I don't mind waiting.
mine,שלי,4,band22,That book is mine.
minimal,מינימלי,8,"lexisband3,band33july18",The damage was minimal.
minimize,למזער,8,band33july18,v
minimum,מינימום / מזערי,7,band22,The minimum age is 12.
minister,שר,8,band33july18,n
ministry,משרד ממשלתי,8,"lexisband3,band33july18",The Ministry of Education announced changes.
minor,"קטין, מינורי",8,"lexisband3,band33july18",It's just a minor problem.
minority,מיעוט,8,"lexisband3,band33july18",They are a minority group.
minute,דקה,4,band22,"Wait a minute, please."
mirror,מראה,7,band33july18,
miss,להחמיץ / לגעגע,6,band33july18,I missed the train. I miss my mother very much.
missing,נעדר,8,lexisband3,The missing child was found.
mission,משימה,8,"lexisband3,band33july18",Their mission is to help the poor.
mix,לערבב,8,lexisband3,Mix the ingredients together.
mobile,נייד / טלפון נייד,7,band33july18,I have a new mobile (phone). (British English for American 'cellphone')
mode,מצב / אופן,6,band33july18,
model,דגם,5,"scrap,band33july18",She is a fashion model.
modern,מודרני / עכשווי,6,band22,We live in modern times.
modification,שינוי,9,band33july18,n
modify,לשנות,7,band33july18,n
mom,אמא,1,band22,My mom makes the best pancakes.
moment,רגע,5,band22,"Wait a moment, please."
money,כסף,1,band22,Money can't buy happiness.
monitor,לנטר,8,band33july18,
month,חודש,4,band22,June is my favorite month.
moral,מוסרי / מוסר,7,band33july18,n
morality,מוסר,8,band33july18,n
more and more,יותר ויותר,6,band22,It gets more and more difficult.
more or less,פחות או יותר,7,"band22,band33july18",I more or less understand.
moreover,יתרה מזאת,8,"lexisband3,band33july18","Moreover, I think you're wrong."
morning,בוקר,4,band22,Good morning!
Moslem,מוסלמי,5,band22,They follow Moslem traditions.
most,רוב,5,scrap,Most students like sports.
mostly,בעיקר,7,band33july18,
mother,אמא,1,band22,My mother works at a hospital.
motion,תנועה,8,lexisband3,The boat rocked with the motion of the waves.
motivate,"להניע, לעודד",8,"lexisband3,band33july18",Teachers should motivate students.
motivation,מוטיבציה,9,band33july18,v
motive,מניע,7,band33july18,v
motor,מנוע,7,band33july18,
mount,"לעלות, להרכיב",8,lexisband3,Mount the picture on the wall.
mountain,הר,5,band22,That mountain is very high.
mouth,פה,4,band22,"Open your mouth and say ""ah""."
move on,להמשיך הלאה,7,band33july18,
movement,תנועה,8,band33july18,
much,הרבה,4,band22,"We use ""much"" in English."
multiple,"מרובה, רב",8,"lexisband3,band33july18",There are multiple reasons.
multiply,להכפיל,8,band33july18,v
municipal,עירוני,8,band33july18,n
municipality,עיריה,9,band33july18,n
murder,"רצח, לרצוח",8,"lexisband3,band33july18",He was charged with murder.
muscle,שריר,8,lexisband3,Exercise builds muscle.
museum,מוזיאון,5,band22,The museum has ancient artifacts.
music,מוזיקה,4,band22,I love listening to music.
Muslim,מוסלמי,5,band22,He is a Muslim.
must,חייב / מוכרח,6,band22,You must be quiet.
mutual,הדדי,7,band33july18,adv
mutually,באופן הדדי,8,band33july18,adv
mysterious,מסתורי,8,lexisband3,There was a mysterious noise.
myth,מיתוס,8,"lexisband3,band33july18",That's just a myth.
name,שם,1,"band22,band33july18",What's your name?
narrow,צר,8,lexisband3,The street is very narrow.
nation,אומה / לאום,7,band22,Israel is a small nation.
natural,טבעי,8,band33july18,adv
naturally,באופן טבעי,8,band33july18,adv
nature,טבע,6,band22,I love being in nature.
near,קרוב,4,band22,The school is near my house.
nearly,כמעט,7,band33july18,
neat,מסודר / נקי / מגניב,6,band22,Keep your desk neat.
necessarily,בהכרח,9,band33july18,n
necessary,הכרחי / נחוץ,7,band22,Sleep is necessary for health.
necessity,צורך,8,band33july18,n
neck,צוואר,6,band33july18,
need,צריך,4,"band22,band33july18",I need a new pencil.
negative,שלילי,8,band33july18,
negotiate,לנהל משא ומתן,8,"lexisband3,band33july18",They're negotiating a peace agreement.
negotiation,משא ומתן,9,band33july18,n
neighbor,שכן,8,lexisband3,Our neighbors are very friendly.
neither...nor,לא... ולא,7,band22,It's neither hot nor cold.
nervous,עצבני / מתוח,6,band22,I feel nervous before tests.
net,נטו,6,band33july18,Net income
network,רשת,8,"lexisband3,band33july18",Social networks are very popular.
neutral,ניטרלי,8,"lexisband3,band33july18",Switzerland remained neutral in the war.
never heard of sb/sth,מעולם לא שמעתי על,7,band33july18,
never mind,לא נורא / לא משנה,6,band22,"Never mind, it's not important."
nevertheless,עם זאת,8,"lexisband3,band33july18","It was raining; nevertheless, we went out."
new,חדש,4,band22,I got a new bike.
newspaper,עיתון,5,band22,My dad reads the newspaper.
next door (adv),בסמוך,7,band33july18,"next-door neighbor, the flat next door"
next-door (adj),שכן,7,band33july18,"next-door neighbor, the flat next door"
nice,נחמד,4,band22,Have a nice day!
night,לילה,4,band22,"Good night, sleep well."
no,לא,1,band22,"""No"" is a common response."
no doubt,ללא ספק / בוודאות,7,band22,No doubt she will win.
no idea,אין מושג / לא יודע,5,band22,I have no idea what you mean.
no longer,לא עוד / כבר לא,7,band22,I no longer live there.
no matter,לא משנה,7,band22,I'll be there no matter what.
no problem,אין בעיה,4,scrap,Can you help? No problem!
no such thing,אין דבר כזה,7,band33july18,
no wonder,לא פלא,7,band33july18,
noble,אציל,8,lexisband3,He comes from a noble family.
noise,רעש / רעשים,5,band22,Please don't make noise.
nomination,מועמדות,8,lexisband3,She won the nomination for best actress.
none,אף אחד / שום דבר,7,band22,None of the students knew the answer.
nonetheless,בכל זאת,9,band33july18,
nonsense,שטויות,8,lexisband3,That's complete nonsense!
norm,נורמה,6,band33july18,
normal,רגיל / נורמלי,6,band22,Everything is normal.
normally,בדרך כלל,8,band33july18,
north,צפון,5,band22,They live in the north.
northern,צפוני,8,band33july18,
nose,אף,4,"band22,band33july18",My nose is runny.
not make any difference,לא לעשות הבדל,7,band33july18,
not only,לא רק,7,band22,He's not only smart but also kind.
not yet,עדיין לא,7,band22,Are you ready? Not yet.
note,הערה / פתק / לשים לב,6,band22,I left you a note.
notebook,מחברת,4,band22,Write your homework in your notebook.
nothing but,רק,7,band33july18,
nothing else,שום דבר אחר,5,band22,"We use ""nothing else"" in English."
notice,להבחין / לשים לב / הודעה,7,band22,Did you notice anything strange?
notion,רעיון / תפיסה,7,band33july18,
novel,רומן,7,band33july18,
now,עכשיו,4,band22,Let's go now.
now and then,מדי פעם,7,band33july18,
nuclear,גרעיני,8,band33july18,
number,מספר,4,band22,What's your phone number?
numerous,רבים,9,"lexisband3,band33july18",There are numerous examples.
nurse,אחות / לטפל,7,band33july18,
obey,לציית,9,lexisband3,Children should obey their parents.
object,חפץ / אובייקט / להתנגד,7,"band22,band33july18",What is that strange object?
objection,התנגדות,8,band33july18,n
objective,"מטרה, יעד",9,"lexisband3,band33july18",What's your main objective?
obligation,חובה,9,"lexisband3,band33july18",You have no obligation to help.
oblige,לחייב,7,band33july18,n
observation,תצפית,9,"lexisband3,band33july18",He made an interesting observation.
observe,לצפות / לשמור,8,band33july18,n
obtain,להשיג,9,"lexisband3,band33july18",How did you obtain this information?
obvious,"ברור, מובן",9,"lexisband3,band33july18",The answer is obvious.
obviously,ברור ש,8,band33july18,adv
occasion,"אירוע, הזדמנות",9,"lexisband3,band33july18",This is a special occasion.
occasionally,לעיתים,9,band33july18,
occupation,כיבוש / עיסוק,9,band33july18,n
occupy,"לכבוש, לתפוס",9,"lexisband3,band33july18",Enemy forces occupied the city.
occur,להתרחש / לקרות,8,"band22,band33july18",When did the accident occur?
ocean,אוקיינוס,7,band33july18,
odd,מוזר / אי זוגי,7,band22,That's an odd thing to say.
offence,עבירה,8,band33july18,n
offend,"לפגוע, להעליב",9,"lexisband3,band33july18",I didn't mean to offend you.
offender,עבריין,8,band33july18,n
offense,"עבירה, עוון",9,"lexisband3,band33july18",He committed a serious offense.
offer,להציע / הצעה,7,band22,He offered to help me.
office,משרד / לשכה,6,band22,My father works in an office.
officer,קצין / פקיד,8,band33july18,adj
official,רשמי,9,"lexisband3,band33july18",This is an official document.
officially,באופן רשמי,9,band33july18,adj
often,לעתים קרובות,4,band22,I often play basketball.
oil,שמן / נפט,5,band22,"We use ""oil"" in English."
old,ישן / זקן,4,band22,My grandfather is very old.
old fashioned,מיושן,7,band33july18,
on and off,לסירוגין,8,band33july18,
on average,בממוצע,8,band33july18,
on behalf of,בשם,8,band33july18,
on board,על הסיפון,8,band33july18,There were 500 passengers on board.
on condition that,בתנאי ש,6,band22,You can go on condition that you finish homework.
on one's own,לבד / בעצמו,7,band22,I did it on my own.
on purpose,בכוונה / במזיד,7,band22,Did you do that on purpose?
on sale,במבצע / להשיג,7,band22,These shoes are on sale.
on the contrary,להפך,8,band33july18,
on the grounds (that/of),על הבסיס ש,8,band33july18,I declined the offer on the grounds of my health.
on the one hand,מצד אחד,7,band22,"On the one hand, it's expensive."
on the other hand,מצד שני,7,band22,"On the other hand, it's good quality."
on the way,בדרך,7,band22,I met her on the way home.
on the whole,בסך הכל / בגדול,8,band22,"On the whole, it was a good day."
on time,בדיוק בזמן / בזמן,7,band22,The train arrived on time.
once again,שוב / פעם נוספת,6,band22,Let's try once again.
once more,פעם נוספת / עוד פעם,6,band22,Sing the song once more.
one,אחת,1,band22,"We use ""one"" in English."
one another,אחד את השני,7,band22,They help one another.
ongoing,מתמשך,8,band33july18,
online,באינטרנט,4,scrap,You can buy it online.
onto,אל / על,6,band22,Jump onto the platform.
open,לפתוח,4,band22,The door is open.
open up sth / open sth up,לפתוח משהו,7,band33july18,
opening,פתיחה,8,band33july18,The opening of the new theatre.
operate,להפעיל / לנתח,8,band22,Do you know how to operate this machine?
operation,פעולה / ניתוח,7,band22,She needs an operation.
opinion,דעה,6,band22,What's your opinion?
opportunity,הזדמנות,7,band22,This is a great opportunity.
oppose,להתנגד,9,"lexisband3,band33july18",Many people oppose the plan.
opposite,מול / הפוך / ניגוד,7,band22,They have opposite opinions.
opposition,התנגדות / אופוזיציה,9,band33july18,n
option,"אופציה, ברירה",9,"lexisband3,band33july18",What are my options?
optional,רשות / לא חובה,8,band33july18,adj
optionally,באופן אופציונלי,9,band33july18,adj
or so,בערך,7,band33july18,ten or so
or something (like that),או משהו כזה,7,band33july18,
oral,בעל פה,9,lexisband3,We have an oral exam tomorrow.
orange,כתום / תפוז,4,band22,She wore an orange dress.
order,הזמנה / סדר / צו / להזמין,6,band22,Please put these in order.
ordinary,רגיל / פשוט,7,band22,It was just an ordinary day.
organ,איבר,9,lexisband3,The heart is a vital organ.
organization,ארגון,9,band33july18,
organize,לארגן,6,band22,We need to organize our room.
origin,"מוצא, ראשית",9,"lexisband3,band33july18",What's the origin of this word?
original,מקורי / ראשוני,7,"band22,band33july18",This is the original copy.
originally,במקור,9,band33july18,adj
other than,מלבד,7,band33july18,
otherwise,אחרת,8,band33july18,
ought to,צריך / ראוי,8,band22,"We use ""ought to"" in English."
ours,שלנו,5,band22,The blue car is ours.
out of,מתוך,7,band33july18,The table is made out of wood. Out of all the people I saw today I enjoyed seeing the most!
out of date,לא עדכני,7,band33july18,
outcome,תוצאה,9,"lexisband3,band33july18",What was the outcome of the meeting?
outdoor,"חוץ, בחוץ",9,lexisband3,I love outdoor activities.
outline,"מתאר, לתאר בקצרה",9,"lexisband3,band33july18",Give me an outline of your plan.
output,תפוקה,9,"lexisband3,band33july18",The factory increased its output.
outstanding,יוצא דופן,9,lexisband3,She did an outstanding job.
over there,שם / שם ליד,6,band22,Put it over there.
overall,כולל / באופן כללי,8,band33july18,
overcome,להתגבר על,9,lexisband3,She overcame many obstacles.
overlook,"להתעלם, לא לשים לב",9,lexisband3,We can't overlook this problem.
owe,לחוב,9,lexisband3,I owe you $10.
owing to,בגלל,7,band33july18,
own,להחזיק,6,band33july18,n
owner,בעלים,7,band33july18,n
p.m.,"אחה""צ",6,band33july18,
pace,"קצב, פסיעה",9,lexisband3,Walk at a steady pace.
pack,לארוז,5,scrap,Pack your suitcase tonight.
package,חבילה,8,band33july18,
page,עמוד,4,band22,Turn to page 24.
pain,"כאב, צער",9,"lexisband3,band33july18",She felt a sharp pain in her chest.
painful,"כואב, מצער",9,"lexisband3,band33july18",It was a painful experience.
paint,צבע / לצבוע,7,band33july18,n
painter,צייר,8,band33july18,n
painting,ציור,8,band33july18,n
pair,זוג / צמד,6,band22,"We use ""pair"" in English."
panel,"פאנל, צוות",9,lexisband3,A panel of experts discussed the issue.
panic,פאניקה,9,lexisband3,"Don't panic, stay calm."
paper,נייר,4,band22,Write your name on the paper.
park,פארק,4,band22,The park has a nice playground.
parliament,פרלמנט,9,"lexisband3,band33july18",Parliament passed a new law.
part,חלק,6,band33july18,adj
part-time,במשרה חלקית,7,band33july18,
partial,חלקי,8,band33july18,adj
participant,משתתף,9,lexisband3,All participants received certificates.
participate,להשתתף,9,"lexisband3,band33july18",Everyone can participate in the discussion.
participation,השתתפות,9,band33july18,n
particular,מסוים / מיוחד,7,band22,Do you want a particular color?
particularly,במיוחד,9,band33july18,
partly,בחלקו,7,band33july18,
partner,שותף / בן זוג,6,band22,My partner and I work well together.
party,מסיבה,4,band22,Are you going to the party?
pass,לעבור / למסור / מעבר,6,band22,Please pass the salt.
pass away,למות / לעבור לעולם,7,band33july18,
pass on sth / pass sth on,להעביר משהו,7,band33july18,Please pass on this message as soon as you can.
passage,"קטע, מעבר",9,"lexisband3,band33july18",A passage between two houses. A passage of prose.
passenger,נוסע,6,band22,All passengers must fasten their seatbelts.
passion,תשוקה,9,lexisband3,He has a passion for music.
passive,פסיבי,9,"lexisband3,band33july18","Don't be so passive, take action!"
past,עבר / עבר ב / לצד,6,band22,It's half past three.
paste,להדביק,9,lexisband3,Copy and paste the text.
patch,טלאי,9,lexisband3,There's a patch on his jacket.
path,"דרך, שביל",9,lexisband3,Follow the path through the woods.
patience,סבלנות,9,lexisband3,Teaching requires patience.
pattern,"תבנית, דפוס",9,"lexisband3,band33july18",I noticed a pattern in the data.
pause,"הפסקה, להפסיק",9,lexisband3,Let's pause for a moment.
pay,לשלם,5,"scrap,band33july18",How much did you pay for that?
pay attention (to sth),לשים לב (למשהו),7,band33july18,
pay off,להשתלם,7,band33july18,We paid off our debts at last! His efforts paid off.
pay off sth / pay sth off,לשלם חוב,7,band33july18,We paid off our debts at last! His efforts paid off.
payment,תשלום,8,band33july18,n
peace,שלום,7,band33july18,adj
peaceful,שליו,8,band33july18,adj
peacefully,בשלווה,9,band33july18,adj
peak,"שיא, פסגה",9,lexisband3,We reached the mountain peak.
peculiar,"מוזר, מיוחד",9,lexisband3,He has peculiar habits.
peer,"עמית, בן גיל",9,lexisband3,Peer pressure affects teenagers.
pen,עט,1,band22,Can I borrow your pen?
penalty,עונש,9,lexisband3,The penalty for speeding is a fine.
pencil,עיפרון,1,band22,Use a pencil for the test.
people,אנשים,4,band22,Many people came to the party.
pepper,פלפל,7,band33july18,
per,לכל,6,band33july18,
perceive,"לתפוס, להבין",9,"lexisband3,band33july18",How do you perceive this situation?
percent,אחוז,8,band33july18,n
percentage,אחוז,9,band33july18,n
perception,תפיסה,9,band33july18,n
perfect,מושלם / מושלם,6,band22,The weather is perfect!
perform,"לבצע, להופיע",9,"lexisband3,band33july18",The band will perform tonight.
performance,ביצוע / הופעה,9,band33july18,n
period,תקופה,7,band33july18,
permanent,"קבוע, קיים",9,"lexisband3,band33july18",She has a permanent job.
permanently,באופן קבוע,9,band33july18,adv
permission,הרשאה,9,band33july18,n
permit,"להתיר, אישור",9,"lexisband3,band33july18",Smoking is not permitted here.
persist,להתמיד,9,lexisband3,"If you persist, you'll succeed."
person,אדם,4,scrap,She is a kind person.
person),אדם,8,band33july18,She was chair of the committee.
personal,אישי,8,band33july18,adv
personality,אישיות,9,"lexisband3,band33july18",She has a strong personality.
personally,באופן אישי,9,"lexisband3,band33july18",I personally disagree.
perspective,פרספקטיבה,9,"lexisband3,band33july18",Try to see things from my perspective.
persuade,לשכנע,9,"lexisband3,band33july18",I tried to persuade her to come.
phase,"שלב, פאזה",9,"lexisband3,band33july18",We're in the final phase of the project.
phenomena,תופעות,8,band33july18,n
phenomenon,תופעה,9,"lexisband3,band33july18",Global warming is a serious phenomenon.
philosophical,פילוסופי,9,lexisband3,That's a philosophical question.
phone,טלפון,4,band22,My phone is ringing.
photo,תמונה,4,band22,Take a photo of me.
photograph,תצלום / תמונה,5,band22,That's a beautiful photograph.
physical,"פיזי, גופני",9,"lexisband3,band33july18",Physical exercise is important.
physics,פיזיקה,8,band33july18,
pick up,להרים / לאסוף / לקטוף,5,scrap,Pick up your toys from the floor.
picture,תמונה,4,band22,Draw a picture of your house.
piece,חתיכה / חלק,5,scrap,May I have a piece of cake?
pilot,טייס,7,band33july18,
pioneer,חלוץ,9,lexisband3,He was a pioneer in computer science.
pity,"רחמים, חבל",9,lexisband3,What a pity you can't come!
pizza,פיצה,4,band22,Let's order pizza tonight.
place,מקום,4,"band22,band33july18",This is a nice place to live.
plain,"פשוט, ברור",9,lexisband3,The instructions are written in plain English.
planet,כוכב לכת,7,band33july18,
planning,תכנון,8,band33july18,
plant,צמח / מפעל / לשתול,7,band33july18,
plastic,פלסטיק,8,band33july18,
play,לשחק,4,"band22,band33july18",Do you want to play with me?
player,שחקן,7,band33july18,n
pleasant,נעים,6,scrap,What a pleasant surprise!
please,בבקשה,4,band22,Please sit down.
pleasure,הנאה,8,band33july18,It's a pleasure! (response to thanks)
plenty of,הרבה / שפע,7,band22,There is plenty of food for everyone.
plot,עלילה,9,lexisband3,The novel has an interesting plot.
plus,פלוס / בנוסף / תוספת,6,band22,Three plus two equals five.
pocket,כיס,7,band33july18,
poem,שיר,9,lexisband3,She wrote a beautiful poem.
point,נקודה / להצביע,7,band33july18,
point of view,נקודת מבט / דעה,8,band22,"From my point of view, you're wrong."
point out sth / point sth out,להצביע על משהו,7,band33july18,
pole,"מוט, עמוד",9,lexisband3,The flag flies on a tall pole.
police,משטרה,5,band22,Call the police!
police officer,שוטר/ת,4,scrap,The police officer helped us cross the street.
policy,מדיניות,9,"lexisband3,band33july18",What's the company's policy on overtime?
political,פוליטי,8,band33july18,n
politician,פוליטיקאי,9,band33july18,n
politics,פוליטיקה,9,"lexisband3,band33july18",He's not interested in politics.
poll,סקר,9,lexisband3,The poll shows support for the proposal.
pollution,זיהום,9,lexisband3,Air pollution is a serious problem.
pond,בריכה,9,lexisband3,There are fish in the pond.
pool,בריכה / מאגר,6,band33july18,A pool of water. A pool of resources.
popular,פופולרי / נפוץ,6,band22,This is a popular game.
population,אוכלוסייה,9,band33july18,
portion,"מנה, חלק",9,lexisband3,I'll have a small portion please.
portrait,דיוקן,9,lexisband3,They hung a portrait of the queen.
pose,"להציב, להוות",9,lexisband3,This poses a serious threat.
position,מיקום / עמדה / משרה,7,band22,She's in a difficult position.
positive,חיובי,8,band33july18,adv
positively,באופן חיובי,9,band33july18,adv
possess,"להחזיק, להיות בעל",9,"lexisband3,band33july18",He possesses great talent.
possession,החזקה / רכוש,9,band33july18,n
possessive,בעלני,9,band33july18,n
possibility,אפשרות,9,band33july18,n
possible,אפשרי,6,band22,Is it possible to change the date?
possibly,אולי,8,band33july18,n
post,לפרסם / לשלוח בדואר,6,band33july18,We posted our responses on the forum. I posted my letter. (British)
potential,פוטנציאל,9,"lexisband3,band33july18",She has great potential.
pound,פאונד,9,lexisband3,The bag weighs 5 pounds.
pour,למזוג / לשפוך,5,"scrap,band33july18",Pour the milk into the glass.
poverty,עוני,9,"lexisband3,band33july18",Many people live in poverty.
power,כוח / עוצמה / חשמל,7,band22,The king has great power.
powerful,חזק / עוצמתי,7,band22,That's a powerful engine.
practical,מעשי,9,"lexisband3,band33july18",Let's find a practical solution.
practically,למעשה,9,band33july18,
praise,"שבח, לשבח",9,lexisband3,The teacher praised his work.
pray,להתפלל,9,lexisband3,They pray every day.
precaution,אמצעי זהירות,9,lexisband3,Take precautions against fire.
precise,מדויק,9,"lexisband3,band33july18",Please give me precise instructions.
precisely,במדויק,8,band33july18,adv
predict,לחזות / לנבא,8,"band22,band33july18",Can you predict the future?
prediction,חיזוי,9,band33july18,n
prefer,להעדיף,7,band22,I prefer tea to coffee.
preference,העדפה,9,lexisband3,What's your preference?
pregnant,בהריון,9,lexisband3,She's three months pregnant.
prejudice,דעה קדומה,9,lexisband3,We must fight prejudice.
premise,"הנחה, מושכל יסוד",9,lexisband3,Your argument is based on a false premise.
preparation,הכנה,9,"lexisband3,band33july18",The meal requires careful preparation.
prepare,להכין,5,"scrap,band33july18",Prepare your books for tomorrow.
prescribe,לרשום תרופה,9,lexisband3,The doctor prescribed antibiotics.
presence,נוכחות,9,"lexisband3,band33july18",Your presence is requested.
present,מתנה / הווה / נוכחי / להציג,6,"band22,band33july18",All students were present.
presentation,"מצגת, הצגה",9,"lexisband3,band33july18",She gave an excellent presentation.
presents,מתנות,4,scrap,The presents are under the tree.
preserve,לשמר,9,lexisband3,We must preserve nature.
president,נשיא,8,band33july18,
press,עיתונות,9,"lexisband3,band33july18",The main headlines in the press.
pressure,לחץ,7,"band22,band33july18",I'm under a lot of pressure.
presumably,ככל הנראה,9,lexisband3,"Presumably, he'll arrive soon."
pretend,להעמיד פנים,9,lexisband3,Stop pretending you don't know!
pretty,יפה / די,7,band33july18,
prevent,למנוע,8,band33july18,n
prevention,מניעה,9,band33july18,n
previous,קודם / רעדם,7,"band22,band33july18",The previous owner sold it.
previously,קודם לכן,9,band33july18,adv
price,מחיר,5,band22,What's the price of this shirt?
pride,גאווה,7,band33july18,
priest,כומר,9,lexisband3,The priest conducted the service.
primary,"ראשוני, עיקרי",9,"lexisband3,band33july18",What's your primary concern?
prime,"ראשוני, עיקרי",9,lexisband3,This is of prime importance.
principal,"ראשי, עיקרי",9,"lexisband3,band33july18",Safety is our principal concern.
principle,עקרון,9,"lexisband3,band33july18",It's a matter of principle.
print,להדפיס / הדפסה,6,band22,The book is now in print.
prior,קודם,9,"lexisband3,band33july18",You need prior experience for this job.
prior to,קודם,7,band33july18,
priority,עדיפות,9,"lexisband3,band33july18",Education should be a priority.
prison,כלא,9,"lexisband3,band33july18",He spent 10 years in prison.
prisoner,אסיר,8,band33july18,n
private,פרטי,7,band22,This is private property.
privilege,"זכות, פריווילגיה",9,lexisband3,"Driving is a privilege, not a right."
prize,פרס,6,band22,She won first prize.
probability,הסתברות,9,band33july18,n
probable,סביר,8,band33july18,n
probably,כנראה / ככל הנראה,7,band22,It will probably rain.
probe,"חקירה, לחקור",9,lexisband3,Scientists probe the mysteries of space.
problematic,בעייתי,9,band33july18,
procedure,נוהל,9,"lexisband3,band33july18",Follow the correct procedure.
proceed,להמשיך,9,"lexisband3,band33july18",Please proceed with your presentation.
process,תהליך / לעבד,8,"band22,band33july18",Learning is a slow process.
procession,תהלוכה,9,lexisband3,A funeral procession passed by.
produce,תוצרת,9,"lexisband3,band33july18",We buy local produce.
product,מוצר,8,band33july18,n
production,הפקה,9,"lexisband3,band33july18",The production will open next month.
profession,מקצוע,9,"lexisband3,band33july18",What's your profession?
professional,מקצועי,9,band33july18,adj
profile,פרופיל,8,band33july18,
profit,רווח,9,"lexisband3,band33july18",The company made a huge profit.
profitable,רווחי,9,band33july18,adj
program,תוכנית / תכנית,6,band22,What's your favorite TV program?
progress,התקדמות,9,"lexisband3,band33july18",We're making good progress.
progressive,פרוגרסיבי,9,band33july18,adj
prohibit,לאסור,9,lexisband3,Smoking is strictly prohibited.
project,פרויקט,5,"scrap,band33july18",Our class project is about recycling.
prominent,"בולט, מוביל",9,lexisband3,She's a prominent scientist.
promise,הבטחה,9,"lexisband3,band33july18",He made a promise to help.
promote,לקדם,8,band33july18,
promotion,קידום,8,band33july18,
prompt,"מיידי, מהיר",9,lexisband3,Thank you for your prompt response.
pronounce,לבטא,9,lexisband3,How do you pronounce this word?
proof,הוכחה,9,lexisband3,Do you have proof?
proper,נכון / הולם / מתאים,7,band22,Use the proper tools.
properly,כראוי,8,band33july18,
property,"רכוש, נכס",9,"lexisband3,band33july18",This is private property.
proportion,פרופורציה,9,"lexisband3,band33july18",The costs are out of proportion.
proposal,הצעה,9,"lexisband3,band33july18",They approved our proposal.
propose,להציע,9,"lexisband3,band33july18",I propose we take a break.
prospect,"סיכוי, נוף",9,"lexisband3,band33july18",There's little prospect of success.
prosperity,שגשוג,9,lexisband3,The country enjoyed prosperity.
protect,להגן,7,band22,We must protect the environment.
protection,הגנה,9,band33july18,
protest,מחאה,9,"lexisband3,band33july18",Thousands joined the protest.
proud,גאה,6,band22,I'm proud of you.
prove,להוכיח,8,band22,Can you prove you're right?
provide,לספק / לתת,8,band22,The school provides free lunch.
provided that,בתנאי ש,7,band33july18,
province,מחוז,9,lexisband3,Quebec is a Canadian province.
provision,"הוראה, אספקה",9,"lexisband3,band33july18",There's a provision for emergencies.
psychological,פסיכולוגי,9,"lexisband3,band33july18",She needs psychological support.
psychology,פסיכולוגיה,9,band33july18,adj
public,ציבור / ציבורי,7,band22,This is a public park.
publication,פרסום,9,"lexisband3,band33july18",His latest publication is excellent.
publicity,פרסומת,9,lexisband3,The event got a lot of publicity.
publish,לפרסם,9,"lexisband3,band33july18",When will you publish the results?
pull,למשוך,6,band33july18,
punish,להעניש,9,lexisband3,Parents shouldn't punish children harshly.
pupil,תלמיד,4,band22,Every pupil has a desk.
purchase,"קנייה, לקנות",9,lexisband3,Keep your purchase receipt.
purely,בצורה טהורה,9,lexisband3,It was purely accidental.
purpose,מטרה / תכלית,8,band22,What's the purpose of this meeting?
pursue,לרדוף אחרי,9,"lexisband3,band33july18",She pursued her dream.
put,לשים,4,band22,Put your books on the table.
put down sth / put sth down,להניח משהו,7,band33july18,Put down your bags and come in.
put forward sth / put sth forward,להציע משהו,7,band33july18,The students have put forward a proposal to shorten the term.
put off sth / put sth off,לדחות משהו,7,band33july18,
put on sth / put sth on,ללבוש משהו,7,band33july18,
put sth together / put together sth,להרכיב משהו,7,band33july18,
put up sb/put sb up,לארח מישהו,7,band33july18,Can you put me up overnight?
put up with,לסבול,7,band33july18,I won't put up with this nonsense!
puzzle,"חידה, תעלומה",9,lexisband3,His behavior is a puzzle.
qualification,כישור,9,lexisband3,What qualifications do you have?
quality,איכות,8,band33july18,
quantity,כמות,8,band33july18,
quarter,רבע,6,band22,A quarter of the students are absent.
question,שאלה,4,band22,I have a question.
quite,די / למדי,7,band22,I'm quite tired.
quite a lot,די הרבה,7,band22,He reads quite a lot of books.
quote,ציטוט,9,lexisband3,He began with a famous quote.
race,מרוץ / גזע / לרוץ,7,"band22,band33july18",Let's have a race!
racial,גזעי,7,band33july18,adj
racism,גזענות,7,band33july18,adj
rack,מדף,9,lexisband3,Put the dishes on the rack.
radical,רדיקלי,8,band33july18,
rage,"זעם, חמה",9,lexisband3,He was filled with rage.
raid,פשיטה,9,lexisband3,Police conducted a raid on the building.
rail,מסילה,9,lexisband3,Don't cross the rail tracks.
railroad,מסילת ברזל / רכבת,7,band22,The railroad was built in 1850.
railway,מסילת ברזל / רכבת,7,band22,The railway connects all the cities.
rain,גשם,4,band22,The rain is falling heavily.
raise,להרים / לגדל,7,band22,Raise your hand if you know the answer.
random,אקראי,7,band33july18,
range,"טווח, מגוון",9,"lexisband3,band33july18",The store offers a wide range of products.
rank,דרגה,9,lexisband3,He holds the rank of captain.
rapid,מהיר,9,"lexisband3,band33july18",The city is experiencing rapid growth.
rapidly,במהירות,8,band33july18,adv
rare,נדיר,9,lexisband3,This is a rare opportunity.
rarely,לעיתים רחוקות,9,lexisband3,She rarely complains.
rate,קצב,9,"lexisband3,band33july18",Crime is increasing at an alarming rate.
rather,די / למדי / דווקא,7,band22,I'm rather busy.
rather than,במקום / דווקא לא,8,band22,I prefer walking rather than running.
rating,דירוג,9,"lexisband3,band33july18",The show has high ratings.
ratio,יחס,7,band33july18,
rational,רציונלי,9,"lexisband3,band33july18",Try to be rational about this.
rationale,הסבר / נימוק,8,band33july18,
raw,"גלם, נא",9,lexisband3,Don't eat raw meat.
reach,להגיע / להשיג,7,band22,Can you reach that shelf?
react,להגיב,9,"lexisband3,band33july18",How did she react to the news?
reaction,תגובה,8,band33july18,n
read,לקרוא,4,band22,I love to read books.
readily,בקלות / ברצון,8,band33july18,
reading,קריאה,5,scrap,Reading is important for learning.
reality,מציאות,9,"lexisband3,band33july18",Face reality!
realize,להבין / להגשים,8,band22,I didn't realize it was so late.
realm,"תחום, ממלכה",9,lexisband3,That's beyond the realm of possibility.
rear,"אחורי, לגדל",9,lexisband3,The rear entrance is locked.
reason,סיבה / הגיון,6,band22,What's the reason for being late?
reasonable,סביר,9,"lexisband3,band33july18",That's a reasonable price.
reasoning,"הגיון, חשיבה",9,lexisband3,I don't follow your reasoning.
recall,לזכור,9,"lexisband3,band33july18",I can't recall his name.
receipt,קבלה,8,band33july18,
receive,לקבל,6,band22,I received a letter from my friend.
recent,לאחרונה / עדכני,7,band22,This is a recent photo.
reception,קבלת פנים,9,"lexisband3,band33july18",Please go to the reception at the hotel. The President had a warm reception.
recipe,מתכון,9,lexisband3,Do you have a recipe for chocolate cake?
recognition,הכרה,9,"lexisband3,band33july18",He deserves recognition for his work.
recognize,לזהות / להכיר,7,band22,Do you recognize this person?
recommend,להמליץ,9,"lexisband3,band33july18",Can you recommend a good restaurant?
recommendation,המלצה,9,band33july18,n
record,שיא / תקליט / להקליט / לרשום,7,band22,He broke the world record.
recover,להתאושש,9,"lexisband3,band33july18",It takes time to recover from illness.
recovery,החלמה,8,band33july18,n
recruit,לגייס,9,"lexisband3,band33july18",The company is recruiting new staff.
recruitment,גיוס,9,band33july18,n
red,אדום,1,band22,I want the red one.
reduce,להפחית,9,"lexisband3,band33july18",We need to reduce costs.
reduction,הפחתה,8,band33july18,n
refer,להתייחס,9,"lexisband3,band33july18",The article refers to recent events.
refer to,להתייחס,7,band33july18,"He referred to his parents as ""my folks""."
reference,התייחסות,9,"lexisband3,band33july18",He made reference to your work.
reflect,לשקף,9,"lexisband3,band33july18",His behavior reflects his upbringing.
reflection,שיקוף / השתקפות,9,band33july18,n
reform,רפורמה,9,"lexisband3,band33july18",The government proposed reforms.
refugee,פליט,9,"lexisband3,band33july18",Many refugees fled the war.
refusal,סירוב,9,"lexisband3,band33july18",His refusal surprised everyone.
refuse,"אשפה, פסולת",9,"lexisband3,band33july18",Put the refuse in the bin.
regard,התייחסות,9,"lexisband3,band33july18",He has no regard for others.
regarding,בנוגע ל,9,"lexisband3,band33july18",I'm calling regarding your application.
regardless (of),ללא קשר ל,7,band33july18,
regime,משטר,9,"lexisband3,band33july18",The regime fell after the revolution.
region,אזור,9,"lexisband3,band33july18",This region is known for wine production.
regional,אזורי,8,band33july18,adj
register,"לרשום, רישום",9,lexisband3,Please register for the course.
regret,"חרטה, להצטער",9,lexisband3,I regret my decision.
regular,קבוע / רגיל,7,band22,Come at your regular time.
regulate,לווסת,9,lexisband3,Laws regulate business practices.
regulation,תקנה,9,"lexisband3,band33july18",Follow safety regulations.
reinforce,לחזק,9,"lexisband3,band33july18",This reinforces my argument.
reject,לדחות,9,"lexisband3,band33july18",They rejected our offer.
rejection,דחייה,8,band33july18,n
relate,לקשר / להתייחס,8,band22,"We use ""relate"" in English."
relate(d) to sb/sth,להזדהות עם / קשור ל,7,band33july18,Many youngsters can't relate to old people.
relation,קשר / יחס,8,band22,"We use ""relation"" in English."
relationship,מערכת יחסים,9,band33july18,
relative,יחסי,9,"lexisband3,band33july18",Everything is relative.
relatively,יחסית,9,"lexisband3,band33july18",The test was relatively easy.
relax,להירגע / להרפות,6,band22,Relax and enjoy your vacation.
release,לשחרר,9,"lexisband3,band33july18",The prisoner was released.
relevance,רלוונטיות,8,band33july18,n
relevant,רלוונטי,9,"lexisband3,band33july18",Is this information relevant?
reliable,אמין,9,"lexisband3,band33july18",He's a reliable person.
relief,הקלה,9,"lexisband3,band33july18",What a relief!
relieved,מוקל,8,band33july18,adj
religion,דת,6,band22,There are many religions in the world.
religious,דתי,6,band22,They are religious people.
rely,לסמוך על,9,"lexisband3,band33july18",You can rely on me.
rely on/upon,לסמוך על,7,band33july18,
remain,להישאר,9,lexisband3,Please remain seated.
remark,הערה,9,lexisband3,She made a rude remark.
remarkable,יוצא דופן,9,lexisband3,That's a remarkable achievement.
remember,לזכור,4,band22,Do you remember my name?
remind,להזכיר,7,band22,Remind me to call my mom.
remote,מרוחק,9,lexisband3,They live in a remote village.
remove,להסיר,9,lexisband3,Remove your shoes before entering.
render,לגרום ל,9,lexisband3,The accident rendered him unable to walk.
renew,לחדש,9,lexisband3,I need to renew my passport.
rent,שכר דירה,9,lexisband3,How much is the monthly rent?
repair,"תיקון, לתקן",9,lexisband3,The car needs repair.
repeat,לחזור / לשנן,6,band22,Please repeat the question.
repetition,חזרה,9,lexisband3,Repetition helps learning.
replace,להחליף,9,lexisband3,We need to replace the old computer.
reply,להשיב / תשובה,7,band22,I'm waiting for your reply.
report,"לדווח / דו""ח / דיווח",7,band22,Write a report about your trip.
represent,לייצג,9,"lexisband3,band33july18",Who will represent us at the meeting?
representation,ייצוג,9,band33july18,n+adj
representative,נציג,9,"lexisband3,band33july18",He's the company's representative.
reputation,מוניטין,9,lexisband3,The school has an excellent reputation.
request,בקשה / לבקש,8,band22,I have a special request.
require,לדרוש,9,"lexisband3,band33july18",This job requires experience.
required,נדרש,8,band33july18,adj
requirement,דרישה,9,"lexisband3,band33july18",What are the requirements for the job?
rescue,"חילוץ, להציל",9,lexisband3,The rescue team saved the climbers.
research,מחקר,9,"lexisband3,band33july18",She's doing research on climate change.
resemble,להידמות,9,lexisband3,She resembles her mother.
reservation,הזמנה,9,lexisband3,I made a reservation for dinner.
reserve,"שמורה, לשמור",9,lexisband3,This area is a nature reserve.
reside,להתגורר,7,band33july18,v
residence,מקום מגורים,9,lexisband3,What's your place of residence?
resident,תושב,8,band33july18,v
residential,מגורים,9,band33july18,v
resist,להתנגד,9,"lexisband3,band33july18",She couldn't resist the chocolate.
resistance,התנגדות,9,band33july18,n
resolution,החלטה / רזולוציה,9,band33july18,n
resolve,לפתור,9,"lexisband3,band33july18",We need to resolve this conflict.
resort,אתר נופש,9,lexisband3,They stayed at a beach resort.
resource,משאב,9,"lexisband3,band33july18",Natural resources are limited.
respect,כבוד / לכבד / להתייחס,8,band22,Treat everyone with respect.
respectively,בהתאמה,9,band33july18,
respond,להגיב,9,"lexisband3,band33july18",He didn't respond to my email.
response,תגובה,9,"lexisband3,band33july18",What was her response?
responsibility,אחריות,8,band22,It's your responsibility.
responsible,אחראי,9,lexisband3,Who's responsible for this mess?
responsible for,אחראי ל,7,band22,Who is responsible for this mess?
restaurant,מסעדה,4,"scrap,band33july18",Let's eat at that Italian restaurant.
restore,לשחזר,9,lexisband3,They restored the old building.
restrain,לרסן,9,lexisband3,Please restrain yourself.
restrict,להגביל,9,"lexisband3,band33july18",Parking is restricted here.
restriction,הגבלה,9,"lexisband3,band33july18",Are there any restrictions?
result,תוצאה / תוצאה,7,band22,The result was surprising.
result in,להוביל ל,7,band33july18,
retain,לשמור,9,"lexisband3,band33july18",Try to retain this information.
retire,לפרוש,9,lexisband3,He plans to retire next year.
retreat,"נסיגה, לסגת",9,lexisband3,The army was forced to retreat.
return,לחזור / להחזיר,5,scrap,Please return my book when you're done.
reveal,לחשוף,9,"lexisband3,band33july18",The investigation revealed the truth.
revenue,הכנסה,9,lexisband3,Tax revenue increased this year.
reverse,"הפוך, להפוך",9,lexisband3,Put the car in reverse.
review,"סקירה, לסקור",9,"lexisband3,band33july18",The book received good reviews.
revise,"לתקן, לשנות",9,"lexisband3,band33july18",I need to revise my essay.
revision,שינוי / חזרה,8,band33july18,n
revolution,מהפכה,9,"lexisband3,band33july18",The industrial revolution changed the world.
revolutionary,מהפכני,9,band33july18,adj
reward,"פרס, לתגמל",9,lexisband3,Hard work brings rewards.
rhythm,קצב,9,lexisband3,I love the rhythm of this song.
rice,אורז,5,band22,We eat rice with the curry.
rich,עשיר,4,band22,He's very rich.
ride,לרכוב / נסיעה / טיול,6,band22,I learned to ride a bicycle.
ridiculous,מגוחך,9,lexisband3,That's a ridiculous idea!
right,ימין / נכון,4,band22,Your answer is right.
rigid,נוקשה,9,lexisband3,The rules are too rigid.
ring,טבעת / צלצול / לצלצל,6,"band22,band33july18",She wore a ring. I heard a ring. Please ring me when you have time.
ripe,בשל,9,lexisband3,The fruit is ripe.
rise,לעלות / לקום / עליה,7,band22,The sun rises in the east.
risk,סיכון / להסתכן,8,band22,Don't take unnecessary risks.
ritual,טקס,9,"lexisband3,band33july18",They performed a religious ritual.
rival,יריב,9,lexisband3,The two teams are rivals.
river,נהר,5,band22,The river flows into the sea.
road,כביש,4,band22,This road leads to the city.
rock,סלע,6,band33july18,We climbed up to the rock at the top of the mountain.
role,תפקיד / תפקיד,7,band22,What role did you play?
roll,לגלגל / גליל,6,band33july18,The ball rolled into a corner. A bread roll.
romantic,רומנטי,9,lexisband3,They went on a romantic dinner.
roof,גג,6,band33july18,
room,חדר,1,band22,My room is painted blue.
root,שורש,9,"lexisband3,band33july18",Education is the root of success.
rope,חבל,9,lexisband3,Tie it with a rope.
rot,להירקב,9,lexisband3,The wood will rot if it gets wet.
rough,"מחוספס, קשה",9,lexisband3,The sea was rough today.
roughly,בערך,9,lexisband3,There were roughly 100 people.
route,מסלול,9,"lexisband3,band33july18",What route should we take?
routine,שגרה,9,lexisband3,Exercise should be part of your daily routine.
row,שורה,9,"lexisband3,band33july18",Sit in the front row.
rub,לשפשף,9,lexisband3,Rub your hands together to warm them.
rude,גס רוח,9,lexisband3,That was very rude!
ruin,"הריסה, להרוס",9,lexisband3,The rain ruined our picnic.
run,לרוץ,4,band22,I can run very fast.
run into,להיתקל ב,7,band33july18,I ran into him the other day which was a nice surprise.
run out (of),להיגמר,7,band33july18,We ran out of paper
run over,לדרוס,7,band33july18,The car ran over the dog.
rural,כפרי,9,"lexisband3,band33july18",They prefer rural life to city life.
rush,למהר,9,"lexisband3,band33july18","Don't rush, we have time."
Russia,רוסיה,7,band33july18,adj+n
Russian,רוסי,8,band33july18,adj+n
sacred,קדוש,9,lexisband3,This is a sacred place.
sacrifice,"קורבן, להקריב",9,lexisband3,She sacrificed everything for her children.
sad,עצוב,1,band22,Why do you look sad?
safe,בטוח / בטיחותי,6,band22,Is it safe to swim here?
safety,בטיחות,7,band33july18,
salary,משכורת,7,band33july18,
sale,מכירה / מבצע,6,band22,There's a sale at the store.
salt,מלח,5,band22,"Pass the salt, please."
sample,מדגם,7,band33july18,
sanctions,סנקציות,8,band33july18,
sandwich,כריך,4,band22,I made a cheese sandwich.
satisfaction,שביעות רצון,9,band33july18,n
satisfy,לספק,8,band33july18,n
save,להציל / לחסוך,6,band22,Save your money for something special.
save money,לחסוך כסף,6,band22,I'm trying to save money for a bike.
save time,לחסוך זמן,7,band22,This shortcut will save time.
say,לומר,5,band22,What did you say?
scale,סולם / קנה מידה,7,band33july18,"Large-scale, small-scale"
scenario,תרחיש,8,band33july18,
scene,סצנה,7,band33july18,
scenery,נוף,8,band33july18,
schedule,לוח זמנים / תוכנית / לתזמן,8,band22,Check your schedule.
scheme,תכנית / תוכנית,7,band33july18,
school,בית ספר,1,band22,I go to school every day.
science,מדע,6,"band22,band33july18",Science is fascinating.
scientific,מדעי,9,band33july18,adj
scientist,מדען,8,band33july18,adj
score,ניקוד / ציון / לקלוע,7,"band22,band33july18",What was the final score?
screen,מסך / להקרין,7,band33july18,
sea,ים,5,band22,The Mediterranean Sea is beautiful.
search,לחפש / חיפוש,7,band22,Help me search for my keys.
season,עונה / תקופה,6,band22,Summer is my favorite season.
seat,מושב / כיסא,6,band22,Please take a seat.
second,שני / שנייה,5,band22,Wait a second!
secondly,שנית,8,band33july18,She was introduced first of all as a brilliant scientist and secondly as a composer.
secret,סוד / סודי,6,band22,This is a secret message.
section,קטע / מדור,8,band33july18,
sector,מגזר,7,band33july18,
secure,מאובטח / לאבטח,7,band33july18,n
security,ביטחון,8,band33july18,n
see,לראות,5,band22,I can see a rainbow.
seek,לחפש,6,band33july18,
seem,נראה / להיראות,7,band22,You seem tired today.
select,לבחור,7,band33july18,n
selection,בחירה,8,band33july18,n
self,עצמי / עצמו,8,band22,"We use ""self"" in English."
sell,למכור,5,band22,They sell fresh vegetables.
senior,בכיר,7,band33july18,
sensitive,רגיש,8,band33july18,n
sensitivity,רגישות,9,band33july18,n
separate,נפרד / להפריד,8,band33july18,n
separation,הפרדה,9,band33july18,n
sequence,רצף,8,band33july18,
series,סדרה,7,band33july18,
serious,רציני / חמור,7,band22,This is a serious problem.
seriously,ברצינות,8,band33july18,
servant,משרת,8,band33july18,
serve,לשרת / להגיש,7,band22,Dinner is served at 6 PM.
service,שירות / שרות,7,band22,The service at this restaurant is excellent.
set,סט / קבוצה / להציב / לקבוע,7,band22,I got a new set of pens.
set off,לצאת לדרך,7,band33july18,They set off on their journey.
set out,לצאת / להתחיל,7,band33july18,They set out at sunrise
set out / set out sth / set sth out,לצאת לדרך / להציג,7,band33july18,The teacher set out the rules on the first day of class.
set up,להקים / להכין,8,band22,Let's set up the tent.
setting,הגדרה / סביבה,8,band33july18,
settle,להתיישב / לפתור,7,band33july18,n
settle down,להתיישב,7,band33july18,
settlement,התיישבות / הסדר,9,band33july18,n
several,כמה / מספר,7,band22,I called several times.
severe,חמור / קשה,7,band33july18,adv
severely,בחומרה,8,band33july18,adv
shadow,צל,7,band33july18,
shake,לנער / להזדעזע,7,band33july18,Shake hands.
shake hands,ללחוץ ידיים,7,band33july18,
shake your head,להניד בראש,7,band33july18,He shook his head in disagreement.
shape,צורה / לעצב,7,band22,What shape is this?
share,לשתף / מניה,7,band33july18,
ship,ספינה,6,band33july18,
shirt,חולצה,4,band22,He's wearing a blue shirt.
shoe,נעל,5,band22,My shoe is untied.
shoes,נעליים,4,band22,Take off your shoes.
shoot,לירות / לצלם,7,band22,Don't shoot at people.
shop,חנות,5,band22,That shop sells shoes.
shopping,קניות,5,band22,I hate shopping.
short,קצר,5,band22,He's quite short.
short of sth,חסר משהו,7,band33july18,He was short of time.
short term/in the short term,טווח קצר / בטווח הקצר,7,band33july18,
short-term,קצר טווח,7,band33july18,
shot,ירייה / צילום,6,band33july18,
should,צריך / כדאי / אמור,6,band22,You should study more.
shoulder,כתף,8,band33july18,
show,להראות,5,band22,Show me your drawing.
show up,להופיע,7,band33july18,She showed up earlier than expected.
shut (sb) up,להשתיק,7,band33july18,You're talking too much: shut up!
shut down (sth) / shut down (sth),לכבות / לסגור,7,band33july18,We shut down the computer.
sight,מראה / ראייה,7,band33july18,
signal,אות / סימן,7,band33july18,
significance,משמעות,9,band33july18,adv
significant,משמעותי,9,band33july18,adv
significantly,באופן משמעותי,9,band33july18,adv
silence,שקט / דממה,7,band22,There was complete silence.
silent,שקט / דומם / שותק,7,band22,Please remain silent.
silly,טיפשי / מטופש,6,band22,Stop being silly and do your work.
silver,כסף (מתכת),6,band22,This ring is made of silver.
similar to,דומה ל,7,band22,This is similar to that one.
since,מאז / מכיוון ש,7,band22,I haven't seen him since Monday.
sing,לשיר,5,band22,She sings beautifully.
singer,זמר / זמרת,5,band22,She wants to be a singer.
single,יחיד / בודד / רווק,7,band22,Every single student passed.
sir,אדוני,6,band33july18,
sister,אחות,2,band22,My sister is older than me.
sit,לשבת,2,band22,Please sit here.
site,אתר / מקום,7,band22,This is a construction site.
six,שש,2,band22,"We use ""six"" in English."
sixth,שישי / שישית,5,band22,This is the sixth book in the series.
size,מידה,4,scrap,What size do you wear?
skill,מיומנות,7,band33july18,adj
skilled,מיומן,8,band33july18,adj
sky,שמיים,5,band22,Look at the beautiful sky.
sleep,לישון,2,band22,I sleep eight hours every night.
slight,קל / מעט,7,band33july18,adv
slightly,מעט,8,band33july18,adv
slip,להחליק / החלקה,6,band33july18,He slipped and fell. I made a slip in spelling.
slow,איטי,5,band22,The turtle is very slow.
slow down,להאט,7,band33july18,
small,קטן,2,band22,This shirt is too small.
smell,ריח / להריח,6,band22,What's that smell?
smoke,עשן / לעשן,6,band22,Smoking is bad for your health.
snack,חטיף,4,scrap,I need a snack before practice.
snow,שלג,5,"band22,band33july18",The snow is falling softly.
so as to,כדי ל,7,band33july18,
so far,עד כה / עד עכשיו,6,band22,"So far, everything is good."
so that,כדי ש / על מנת ש,7,band22,Study hard so that you can succeed.
so-called,מה שנקרא,7,band33july18,His so-called friends didn't help him.
soap,סבון,4,scrap,Wash your hands with soap.
social,חברתי / סוציאלי,7,band22,He has good social skills.
society,חברה / אגודה,8,band22,We live in a modern society.
soft,רך / עדין,6,band22,The pillow is soft.
software,תוכנה,8,band33july18,
soldier,חייל,8,band33july18,
sole,יחיד / סוליה,6,band33july18,adv
solely,אך ורק,7,band33july18,adv
solution,פתרון,8,band33july18,
solve,לפתור,7,band22,Can you solve this puzzle?
some,קצת / כמה,5,band22,Would you like some tea?
somehow,איכשהו,8,band33july18,
somewhat,במקצת,8,band33july18,
somewhere,אי שם,8,band33july18,
song,שיר,5,band22,Let's sing a song.
soon,בקרוב,5,band22,I'll be there soon.
sort,סוג / מיון / למיין,7,band22,Sort the cards by color.
sort of,מעין / סוג של,8,band22,I'm sort of hungry.
sort out,למיין / לסדר,8,band22,Let's sort out this problem.
soul,נשמה,6,band33july18,
sound,צליל / קול / להישמע,6,band22,I heard a strange sound.
source,מקור,7,band33july18,
south,דרום,5,band22,They live in the south.
southern,דרומי,8,band33july18,
space,חלל / מקום / רווח,7,band22,There's no space left.
spare time,זמן פנוי,6,scrap,What do you do in your spare time?
spatial,מרחבי,8,band33july18,
speak,לדבר,5,band22,Do you speak English?
specialize,להתמחות,9,band33july18,
specific,ספציפי / מסוים,8,"band22,band33july18",I need specific information.
specifically,באופן ספציפי,9,band33july18,adj
specify,לציין,8,band33july18,adj
speech,נאום,7,band33july18,
speed,מהירות / מהירות,7,band22,Reduce your speed.
spend,להוציא / לבלות,6,band22,Don't spend all your money.
spend money,להוציא כסף,6,band22,She spends money on books.
spend time,לבלות זמן,7,band22,I love to spend time with family.
spirit,רוח,7,band33july18,adj
spiritual,רוחני,8,band33july18,adj
spot,מקום / כתם,6,band33july18,
spread,להתפשט / התפשטות,7,band33july18,
spring,אביב,5,band22,Flowers bloom in spring.
stable,יציב,7,band33july18,
stage,שלב / במה,7,band22,The actors came on stage.
stairs,מדרגות,7,band33july18,
stand,לעמוד,5,"band22,band33july18",Where do you stand on this issue?
stand for,לייצג,7,band33july18,UN stands for United Nations
stand out,לבלוט,7,band33july18,
stand up for sb/sth,להגן על,7,band33july18,
stand up to sb/sth,להתנגד ל,7,band33july18,
standard,תקן / סטנדרט / רמה,8,band22,This is the standard size.
star,כוכב,5,band22,The stars are bright tonight.
stare,לבהות,7,band33july18,
start,להתחיל,5,band22,What time is the start?
start out,להתחיל,7,band33july18,
state,מדינה / מצב / להצהיר,7,band22,The house is in a bad state.
statement,הצהרה / הודעה,8,band22,The police took a statement.
station,תחנה,5,band22,The bus station is near my house.
statistics,סטטיסטיקה,9,band33july18,
status,מעמד / סטטוס,7,band33july18,
stay,להישאר / לשהות,6,band22,Stay here while I'm gone.
steal,לגנוב,7,band33july18,
steel,פלדה,7,band33july18,
step,צעד / שלב,6,band22,Take one step at a time.
stereotype,סטריאוטיפ,9,band33july18,
stick,מקל / להדביק / להיצמד,7,band22,The dog fetched the stick.
stimulate,לעורר / לגרות,8,band33july18,
stock,מניה / מלאי,7,band33july18,
stone,אבן,7,band33july18,
stop,לעצור,2,band22,Stop making noise!
store,חנות,5,band22,The store closes at 8 PM.
storm,סופה,7,band33july18,
story,סיפור,5,band22,Tell me a story.
straight away,מיד,7,band33july18,
strange,מוזר / זר,6,band22,That's a strange story.
strategic,אסטרטגי,8,band33july18,adj
strategy,אסטרטגיה,8,band33july18,adj
street,רחוב,5,band22,What street do you live on?
strength,כוח / חוזק,8,band33july18,v
strengthen,לחזק,9,band33july18,v
stress,לחץ / דגש,7,band33july18,adj
stressful,מלחיץ,8,band33july18,adj
stretch,למתוח,8,band33july18,
strike,שביתה / להכות / לפגוע,8,band22,The workers are on strike.
strong,חזק,5,band22,He's very strong.
strongly,בתוקף,8,band33july18,
structure,מבנה,8,band33july18,
struggle,מאבק / להיאבק,8,band33july18,
student,תלמיד,2,band22,Every student must do homework.
studio,אולפן,7,band33july18,
study,ללמוד / מחקר,5,band22,I study English every day.
stuff,דברים / חומר,7,band22,What's all this stuff?
stupid,טיפש / מטופש,6,band22,That was a stupid thing to do.
subject,נושא / מקצוע / נתון ל,7,band22,What's your favorite subject?
subjective,סובייקטיבי,9,band33july18,
subsequent,בא אחריו,9,band33july18,adv
subsequently,לאחר מכן,9,band33july18,adv
substance,חומר,8,band33july18,
substantial,משמעותי / ניכר,9,band33july18,
succeed in,להצליח ב,8,band22,I succeeded in passing the test.
success,הצלחה,8,band33july18,adj
successful,מצליח,9,band33july18,adj
successfully,בהצלחה,9,band33july18,adj
such as,כגון,7,band33july18,
suffer,לסבול,7,band33july18,n
suffering,סבל,8,band33july18,n
sufficient,מספיק,9,band33july18,adv
sufficiently,באופן מספיק,9,band33july18,adv
sugar,סוכר,6,band33july18,
suggest,להציע / להמליץ,8,band22,I suggest we leave early.
suggestion,הצעה / המלצה,8,band22,Do you have any suggestions?
suit,חליפה / להתאים,8,"band22,band33july18",He's wearing a black suit.
suitable,מתאים,8,band33july18,adj
sum,סכום,6,band33july18,
sum up sth/sb / sum sth/sb up,לסכם משהו/מישהו,7,band33july18,
summarize,לסכם,8,band33july18,n
summary,סיכום,8,band33july18,n
summer,קיץ,5,band22,We go swimming in summer.
sun,שמש,2,band22,The sun is shining today.
supply,אספקה / לספק,7,band33july18,
support,לתמוך / תמיכה,7,band22,Thank you for your support.
suppose,להניח / לשער,8,band22,I suppose you're right.
supposed to do/be sth,אמור לעשות/להיות משהו,7,band33july18,You were supposed to be ready at six o'clock.
surely,בוודאי,7,band33july18,
surface,משטח / פני השטח,8,band33july18,
surgery,ניתוח / מרפאה,8,band33july18,"He had surgery, but is recovering well. I went to the surgery to consult the doctor."
surprise,הפתעה / להפתיע,6,band22,What a nice surprise!
surprised,מופתע,5,scrap,I was surprised to see him.
surround,להקיף,8,band33july18,n
surroundings,סביבה,9,band33july18,n
survey,סקר / לסקור,7,band33july18,
survival,הישרדות,8,band33july18,n
survive,לשרוד,8,band33july18,n
suspect,לחשוד,8,band33july18,
sustain,לקיים / לתמוך,8,band33july18,
sweet,מתוק / ממתק,5,band22,This cake is too sweet.
swimming,שחייה,5,band22,"We use ""swimming"" in English."
switch off,לכבות,6,band22,Switch off the light when you leave.
switch on,להדליק,6,band22,"Switch on the TV, please."
symbol,סמל,7,band33july18,
system,מערכת,7,band33july18,The education system. We have a new system of grading exams.
table,שולחן,2,"band22,band33july18",The figures are shown in a table.
take,לקחת,5,band22,"Take an umbrella, it might rain."
take advantage of sth/sbd,לנצל משהו/מישהו,7,band33july18,I took advantage of my free time to catch up on work. You shouldn't take advantage of someone's weakness.
take back sth / take sth back,להחזיר משהו / לחזור בו,7,band33july18,
take care of,לדאוג ל / לטפל ב,5,band22,I take care of my dog.
take for granted,לקחת כמובן מאליו,7,band33july18,
take into account,לקחת בחשבון,6,band22,We must take into account all the facts.
take off,להמריא / להוריד,7,band33july18,The plane took off (fly). I took off my hat (remove).
take on sb/take sb on / take on sth / take sth on,לקבל מישהו / לקחת על עצמו משהו,7,band33july18,We took on too much work. We took too much work on ourselves.
take over sth/take sth over,להשתלט על משהו,7,band33july18,
take part in,לקחת חלק / להשתתף,7,band22,I will take part in the race.
take place,להתרחש / להתקיים,7,band22,The wedding will take place in June.
take turns,לחלופין,7,band33july18,
take up sth/take sth up,לתפוס מקום / להתחיל עם,7,band33july18,It takes up too much time. She took up dancing.
talk,לדבר,5,"band22,band33july18",Stop talking and listen.
tall,גבוה,5,band22,He's very tall.
target,מטרה,7,band33july18,
task,משימה,6,band33july18,
taste,טעם / לטעום,6,"band22,band33july18",This soup has a strange taste.
taxi,מונית,5,band22,"We use ""taxi"" in English."
tea,תה,5,band22,Would you like some tea?
teacher,מורה,2,band22,My teacher is very nice.
teaching(s),הוראות / תורות,9,band33july18,The teachings of Socrates.
team,קבוצה / צוות,6,band22,Our team won the game.
tear,לקרוע / דמעה,6,band33july18,To tear a piece of paper.
technical,טכני,8,band33july18,
technique,טכניקה,8,band33july18,
technological,טכנולוגי,9,band33july18,adj
technology,טכנולוגיה,7,"band22,band33july18",Technology changes quickly.
teen,נער / מתבגר,6,band22,The mall is full of teens.
teenager,נער / מתבגר,6,band22,My brother is a teenager.
tell,לספר,5,band22,Tell me a story.
temperature,טמפרטורה,9,band33july18,
temporarily,באופן זמני,9,band33july18,adv
temporary,זמני,8,band33july18,adv
ten,עשר,2,band22,"We use ""ten"" in English."
tend to,נוטה ל / נוהג ל,8,band22,Children tend to ask many questions.
tendency,נטייה,8,band33july18,
term,"מונח / תקופה / שליש (בי""ס)",8,"band22,band33july18",What does this term mean?
terms,תנאים / מונחים,7,band33july18,The terms of the agreement.
terrible,נורא / איום,6,band22,What terrible news!
territory,שטח / טריטוריה,8,band33july18,
test,מבחן,5,band22,We have a test tomorrow.
text,טקסט / מלל / לשלוח הודעה,6,band22,Read the text on page 12.
thank you,תודה,5,band22,"We use ""thank you"" in English."
that,ההוא,5,band22,That book is mine.
that sort of thing,דברים כאלה,7,band33july18,
that's it,זהו,7,band33july18,
the first stage of the game,השלב הראשון של המשחק,8,band22,We won the first stage of the game.
the following,הבא / הבאים,6,band22,"We use ""the following"" in English."
the idea of,הרעיון של,7,band33july18,
the main thing,הדבר העיקרי,7,band33july18,
the other day/week,לפני כמה ימים/שבועות,7,band33july18,
the other way round/around,להפך,7,band33july18,
the rest,השאר / היתר,7,band22,I'll do the rest tomorrow.
the State of Israel,מדינת ישראל,6,band22,The State of Israel was established in 1948.
the state of play,מצב המשחק,8,band22,What's the state of play?
the subject of the article,נושא המאמר,8,band22,The subject of the article is climate change.
the thing is...,העניין הוא ש...,7,band33july18,
the whole,כולו / השלם,7,band22,I ate the whole pizza.
theater,תיאטרון,8,band33july18,
theirs,שלהם,5,band22,The yellow car is theirs.
theme,נושא / תימה,7,band33july18,
theory,תאוריה,7,band33july18,
there,שם,5,band22,Put it there.
thereby,ובכך,9,band33july18,
therefore,לכן / לפיכך,8,band22,"I was sick, therefore I stayed home."
these days,בימים אלה,7,band33july18,
thick,עבה / סמיך,7,band22,The walls are thick.
thin,דק / רזה,6,band22,She's very thin.
thing,דבר,5,band22,What's that thing?
things like that,דברים כאלה,7,band33july18,
think,לחשוב,5,band22,What do you think about this?
think over sth or think sth over,לשקול משהו,7,band33july18,
this,הזה,5,band22,This is my house.
thought,מחשבה / חשיבה,7,band22,I had an interesting thought.
thousand,אלף,5,band22,There were a thousand people there.
threat,איום,7,band33july18,v
threaten,לאיים,8,band33july18,v
three,שלוש,2,band22,"We use ""three"" in English."
through,דרך / מבעד,7,band22,We walked through the park.
throw,לזרוק,6,band22,Throw the ball to me.
throw away,לזרוק (לפח),7,band22,Don't throw away good food.
throw out,לזרוק / לסלק,7,band22,Let's throw out the garbage.
throw up,להקיא,7,band33july18,If you eat too much chocolate you might throw up.
thus,לפיכך,6,band33july18,
ticket,כרטיס,5,band22,I bought tickets for the concert.
tidy,מסודר / לסדר,7,band22,Keep your room tidy.
tie,לקשור / עניבה,6,band33july18,
till,עד ש...,6,scrap,Wait here till I come back.
time,זמן,2,band22,What time is it?
tiny,זעיר,6,band33july18,
tip,טיפ / קצה,6,band33july18,Give a good tip. The tip of an iceberg. Give the waiter a tip.
tired,עייף,5,"band22,band33july18",I'm very tired.
title,כותרת / תואר,7,band22,What's the title of the book?
to,ל (מילת יחס),5,band22,"We use ""to"" in English."
to act in a play,לשחק בהצגה,6,band22,She loves to act in a play.
to blame,אשם,7,band33july18,
to date,עד כה,7,band33july18,
to do with,קשור ל,6,band22,This has nothing to do with you.
to some extent/to a certain extent,במידה מסוימת,7,band33july18,
today,היום,2,band22,What are you doing today?
together,ביחד,5,band22,Let's work together.
tone,טון / גוון,6,band33july18,A tone of voice. A telephone ring-tone.
too much,יותר מידי,5,scrap,Don't eat too much candy.
tool,כלי / אמצעי,7,band22,This is a useful tool.
tooth,שן,6,band33july18,
top,פסגה / חלק עליון / ראש,6,band22,Put it on the top shelf.
topic,נושא / נושא לדיון,7,band22,The topic of today's lesson is animals.
total,"סה""כ / מ total / כולל",7,band22,What's the total amount?
totally,לחלוטין,8,band33july18,
touch,מגע / לגעת / ליצור קשר,7,"band22,band33july18",He was touched by her kind words. A touch screen.
tough,קשה / קשוח,7,band33july18,
tour,סיור / טיול / להסתובב,7,band22,We went on a tour of the museum.
toward,לכיוון / לעבר,7,band22,He walked toward the door.
towards,לכיוון / לעבר,7,band22,She ran towards her mother.
town,עיירה,5,band22,"Our town has 5,000 people."
toy,צעצוע,5,band22,Clean up your toys.
track,מסלול / רצועה,7,band33july18,We walked along the track. Please play the first track on the disk.
tradition,מסורת,7,"band22,band33july18",It's a family tradition.
traditional,מסורתי,9,band33july18,adj
traditionally,באופן מסורתי,9,band33july18,adj
traffic,תנועה / תעבורה,6,band22,The traffic is terrible today.
train,רכבת / לאמן,5,band22,The train leaves at 8 AM.
transfer,להעביר,8,band33july18,
transform,לשנות / להפוך,8,band33july18,
translate,לתרגם,7,band22,Can you translate this to Hebrew?
translation,תרגום,7,band22,Read the English translation.
transmit,לשדר,8,band33july18,
transport,תחבורה / להעביר,8,"band22,band33july18",Public transport is cheap here.
transportation,תחבורה,9,band33july18,n
trash,זבל / אשפה,6,band22,Take out the trash.
travel,לנסוע / נסיעה / טיול,6,"band22,band33july18",I love to travel to new places.
treasure,אוצר,7,band22,The pirates found the treasure.
treat,להתייחס / לטפל / פינוק,8,band22,Treat others with kindness.
tree,עץ,2,band22,The tree is 100 years old.
trek,טרק / מסע,6,band33july18,
trend,מגמה,7,band33july18,
trial,משפט / ניסיון,7,band33july18,
trick,תרגיל / טריק / להונות,7,band22,That was a clever trick.
trip,טיול,5,band22,We're planning a trip to Europe.
troops,חיילים / כוחות,7,band33july18,
trouble,צרה / בעיה / להפריע,7,band22,Are you in trouble?
truly,באמת,7,band33july18,
trust,אמון / לבטוח,8,"band22,band33july18",I trust you to keep my secret.
truth,אמת,7,band33july18,
tune,מנגינה / לכוון,8,band22,I know that tune.
turn (sth) back,לחזור אחורה,7,band33july18,
turn down sb/sth / turn sb/sth down,לדחות מישהו/משהו,7,band33july18,She proposed marriage and he turned her down.
turn down sth / turn sth down,לדחות משהו / להוריד עוצמה,7,band33july18,Please turn down the volume. Please turn it down.
turn off sth / turn sth off,לכבות משהו,7,band33july18,
turn on sth / turn sth on,להדליק משהו,7,band33july18,
turn out,להתברר / להתגלות,7,band33july18,Everything turned out well. We were turned out of our house.
turn sb/sth into sb/sth,להפוך מישהו/משהו למישהו/משהו,7,band33july18,The frog turned into a prince. The witch turned the prince into a frog.
turn to,לפנות ל,7,band33july18,She had nobody to turn to for help.
turn up,להופיע,7,band33july18,He turned up unexpectedly.
turn up sth / turn sth up / turn up (somewhere),להגביר עוצמה / להופיע,7,band33july18,Please turn up the volume. Please turn it up.
twice,פעמיים,7,band33july18,
two,שתיים,2,band22,"We use ""two"" in English."
type,סוג / להקליד,7,band22,What type of music do you like?
typical,טיפוסי,8,band33july18,adv
typically,בדרך כלל,8,band33july18,adv
ugly,מכוער / גרוע,6,band22,What an ugly building!
unable,לא מסוגל,7,band33july18,
under,מתחת,2,band22,The cat is under the table.
under control,בשליטה,6,band22,The situation is under control.
understand,להבין,5,band22,Do you understand the lesson?
unemployed,מובטל,9,band33july18,n
unemployment,אבטלה,9,band33july18,n
unfortunately,למרבה הצער,9,band33july18,
union,איגוד,7,band33july18,
unique,ייחודי,7,band33july18,
unit,יחידה / מדידה,8,band22,A meter is a unit of length.
unite,לאחד,7,band33july18,adj
united,מאוחד,7,band33july18,adj
universal,אוניברסלי,8,band33july18,adj
universe,יקום,8,band33july18,adj
university,אוניברסיטה,9,band33july18,
unless,אלא אם כן / אם לא,8,band22,I'll go unless it rains.
unlikely,לא סביר,8,band33july18,
up and down,מעלה ומטה,7,band33july18,The children were running up and down the hall.
up to,עד / עד ל,7,band22,It's up to you to decide.
up to date,עדכני,7,band33july18,
up to date / out of date,עדכני / לא עדכני,7,band33july18,
upper,עליון,7,band33july18,
urban,עירוני,7,band33july18,
use,להשתמש,5,"band22,band33july18",Use a pencil to write.
used to,נהג / היה רגיל,7,band22,I used to live in Tel Aviv.
useful,שימושי / מועיל,7,band22,That's a useful tool.
user,משתמש,6,band33july18,n
usual,רגיל / כרגיל,7,band22,Let's meet at the usual time.
vacation,חופשה,6,band22,We're going on vacation.
valid,תקף,7,band33july18,
valuable,יקר ערך,8,band33july18,adj
value,ערך,7,band33july18,adj
variation,וריאציה,8,band33july18,n
varied,מגוון,7,band33july18,adj
variety,מגוון,8,band33july18,n
various,שונים,8,band33july18,adj
vary,להשתנות,6,band33july18,adj
vegetable,ירק,5,band22,Eat your vegetables.
vehicle,רכב,8,band33july18,
version,גרסה,8,band33july18,
vertical,אנכי,8,band33july18,
very,מאוד,5,band22,"We use ""very"" in English."
very much,מאוד,4,scrap,I like this game very much.
via,דרך / באמצעות,6,band33july18,
victim,קורבן,7,band33july18,
victory,ניצחון,8,band33july18,
video,וידאו,7,band33july18,
view,נוף / מבט / דעה / לצפות,8,band22,The view from here is beautiful.
village,כפר,6,band22,My grandmother lives in a small village.
violence,אלימות,8,band33july18,n
violent,אלים,8,band33july18,n
virtual,וירטואלי,8,band33july18,adv
virtually,למעשה / כמעט,8,band33july18,adv
virtue,מידה / סגולה,7,band33july18,
visible,נראה לעין,8,band33july18,
vision,חזון / ראייה,7,band33july18,He is a man of vision. Her vision is poor.
visit,לבקר / ביקור,5,band22,Come for a visit sometime.
visitor,מבקר,8,band33july18,
vital,חיוני,7,band33july18,
voice,קול,6,band22,She has a beautiful voice.
volume,עוצמה / כרך,7,band33july18,The volume was very loud. What is the volume of a cube?
voluntary,וולונטרי,8,band33july18,
volunteer,מתנדב / להתנדב,8,band33july18,
vote,להצביע / הצבעה,6,band33july18,n
voter,בוחר,7,band33july18,n
wake up,להתעורר / להעיר,6,band22,I wake up at 7 o'clock.
walk,ללכת,2,band22,I walk to school every day.
walk (noun),הליכה / טיול רגלי,4,scrap,Let's go for a walk.
wall,קיר,5,band22,Hang the picture on the wall.
want,לרצות,5,band22,I want a new bicycle.
warm,חמים,5,band22,It's warm today.
warn,להזהיר,7,band22,I warned you not to touch it.
was born,נולד,4,band22,"We use ""was born"" in English."
wash,לשטוף,5,band22,Wash your hands before eating.
waste,בזבוז / פסולת / לבזבז,8,band22,Don't waste your time.
watch,שעון / לצפות,5,band22,What time is it on your watch?
water,מים,2,band22,Plants need water to grow.
wave,גל / לנופף,7,"band22,band33july18",Big waves crashed on the beach.
way,דרך,5,"band22,band33july18",This is the way to school.
weak,חלש,6,band33july18,n
weakness,חולשה,8,band33july18,n
weapon,נשק,7,band33july18,
weather,מזג אוויר,6,band22,The weather is nice today.
week,שבוע,5,band22,There are seven days in a week.
weekend,סוף שבוע,8,band33july18,
weight,משקל / מבטא,7,band22,What's your weight?
welfare,רווחה,8,band33july18,
well,היטב,5,band22,I hope you're well.
wellbeing,רווחה,8,band33july18,
west,מערב,5,band22,The sun sets in the west.
western,מערבי,8,band33july18,
what,מה,5,band22,"We use ""what"" in English."
what else,מה עוד,5,band22,"We use ""what else"" in English."
whatever,כל מה ש / מה שלא,8,band22,Do whatever you like.
when,מתי,5,band22,When will you finish?
where,איפה,5,band22,"We use ""where"" in English."
whereas,בעוד ש,8,band33july18,
which,איזה / אשר,6,band22,Which color do you prefer?
while,בזמן ש...,6,scrap,I read a book while waiting.
white,לבן,2,band22,I want the white shoes.
who,מי,5,band22,"We use ""who"" in English."
Who cares?!,למי אכפת?!,7,band33july18,
whom,את מי,6,band33july18,
whose,של מי,7,band22,Whose bag is this?
why,למה,5,band22,"We use ""why"" in English."
wicked,מרושע / רשע,7,band33july18,
wide,רחב,6,band22,The river is wide.
widely,באופן נרחב,7,band33july18,
width,רוחב,7,band33july18,
wife,אישה / רעיה,6,band22,His wife is a nurse.
wild,פראי,6,band33july18,
will,רצון,6,band33july18,Where there's a will there's a way.
willing,מוכן,8,band33july18,
win,לנצח / לזכות,5,band22,I hope our team wins.
wind,רוח,5,band22,The wind is blowing hard.
window,חלון,2,band22,"Open the window, it's hot."
wine,יין,6,band33july18,
wing,כנף,6,band33july18,The wing of a bird.
winner,מנצח,7,band33july18,
winter,חורף,5,band22,It's cold in winter.
with,עם,5,band22,Come with me.
with a view to doing sth,במטרה לעשות משהו,8,band33july18,
with respect to,ביחס ל,8,band33july18,
withdraw,למשוך / לחזור בו,8,band33july18,
within,בתוך / תוך,8,band22,We must finish within an hour.
witness,עד,8,band33july18,
woman,אישה,7,band33july18,She was chair of the committee.
wonder,פלא / לתהות,8,band22,I wonder what time it is.
wood,עץ (חומר),6,band22,The table is made of wood.
word,מילה,5,band22,"We use ""word"" in English."
work,לעבוד,2,band22,My parents work hard.
work out,להתאמן / להסתדר,7,band33july18,I work out at the gym three times a week.
worker,עובד / פועל,5,scrap,The workers built a new bridge.
workshop,סדנה,8,band33july18,
world,עולם,5,band22,I want to travel around the world.
worried about,מודאג מ / דואג בגלל,7,band22,I'm worried about the test.
worry,לדאוג / דאגה,6,band22,"Don't worry, everything will be fine."
worth sth/doing sth,שווה משהו/לעשות משהו,7,band33july18,
worth...ing,שווה / כדאי,8,band22,This movie is worth watching.
would,היה / היה ל,7,band22,I would help if I could.
would rather,מעדיף / עדיף,8,band22,I would rather stay home.
Would you like...?,האם תרצה...?,7,band33july18,
write,לכתוב,2,band22,Write your name at the top.
write down,לרשום,5,scrap,Write down the homework.
write sth down or write down sth,לרשום משהו,7,band33july18,
writer,סופר,7,band33july18,
yard,חצר,6,band33july18,The yard behind a house.
year,שנה,5,band22,This year went by quickly.
yellow,צהוב,5,band22,I like the yellow one.
yes,כן,2,band22,"""Yes"" is a common response."
yet,עדיין / כבר,7,band22,Are you finished yet?
you,אתה / את,2,band22,"We use ""you"" in English."
young,צעיר,5,band22,She's very young.
yours,שלך,5,band22,Is this book yours?
youth,נוער / נעורים,7,band33july18,I remember my youth. The youth of today.
zero,אפס,5,band22,Ten minus ten equals zero.
zone,אזור,6,band33july18,
